RecipeId,IngredientId
011be114-eecb-5cb1-aefd-726e486afb76,28ce46a9-dedd-4f1b-a022-c6aa150a1a76
011be114-eecb-5cb1-aefd-726e486afb76,593309a7-9866-5430-a44c-45655e559ec5
012d10ff-def6-5f43-afa8-a60c09f4add0,ee00000e-0000-0000-0000-000000000000
012d10ff-def6-5f43-afa8-a60c09f4add0,ee000012-0000-0000-0000-000000000000
019bb8b1-f6de-5ce5-87fa-70f7bff21ebc,ee00000b-0000-0000-0000-000000000000
019bb8b1-f6de-5ce5-87fa-70f7bff21ebc,ee000014-0000-0000-0000-000000000000
021c380f-8278-563c-aff4-b8dbcdaed0f9,ee00000b-0000-0000-0000-000000000000
02c5878b-30f3-5145-9e60-729803f308a9,ee00000b-0000-0000-0000-000000000000
02c5878b-30f3-5145-9e60-729803f308a9,ee00002f-0000-0000-0000-000000000000
04eb8198-72af-5843-b210-a6e6c422a617,ee00000e-0000-0000-0000-000000000000
04eb8198-72af-5843-b210-a6e6c422a617,ee000016-0000-0000-0000-000000000000
05f39652-3c86-5e5f-a2f4-42b06e657e26,ee00000b-0000-0000-0000-000000000000
05f39652-3c86-5e5f-a2f4-42b06e657e26,ee00000e-0000-0000-0000-000000000000
06bbc6eb-06d7-5c51-b08d-efb7265420a1,7b22f7e8-658a-433c-b41f-bb4f04fe903c
06bbc6eb-06d7-5c51-b08d-efb7265420a1,80ddf5f6-1688-4690-a1c5-8cb353ed4a06
0731bd2f-4859-55c0-b6ef-12b0255d0eac,55c208f2-9e34-429f-b542-17d8da77cbd5
0917380b-ea4f-5068-bef6-13bde02a53e5,936e9acc-9a1f-4501-b667-f6ac6804909b
099c9f07-cda1-5e92-ab58-016b82eebb3f,ee00000b-0000-0000-0000-000000000000
099c9f07-cda1-5e92-ab58-016b82eebb3f,ee000013-0000-0000-0000-000000000000
099c9f07-cda1-5e92-ab58-016b82eebb3f,ee000014-0000-0000-0000-000000000000
0afd86dc-1014-596a-ae35-3a60f7f3f052,469ed2da-795d-4bc4-a55a-c7d90e415c60
0afd86dc-1014-596a-ae35-3a60f7f3f052,ee000012-0000-0000-0000-000000000000
0bdac75d-56b0-59db-9c9c-3f97a926b9da,ee00000b-0000-0000-0000-000000000000
0bdac75d-56b0-59db-9c9c-3f97a926b9da,ee000013-0000-0000-0000-000000000000
0c023fe4-4a37-5ace-a003-1db6a7bae495,ee00000e-0000-0000-0000-000000000000
0c023fe4-4a37-5ace-a003-1db6a7bae495,ee000012-0000-0000-0000-000000000000
0d8c646a-24b1-500b-a581-6d0c97bdbf43,ee00000e-0000-0000-0000-000000000000
0dc4bb81-4072-5f3a-b606-d50f183e9d8a,dc544854-1335-49b3-be7c-751496dca301
0dc4bb81-4072-5f3a-b606-d50f183e9d8a,ee00000b-0000-0000-0000-000000000000
0f237dd7-8083-5f92-9d4a-ccde7574e2ed,ee00000b-0000-0000-0000-000000000000
0f237dd7-8083-5f92-9d4a-ccde7574e2ed,ee00000e-0000-0000-0000-000000000000
0f237dd7-8083-5f92-9d4a-ccde7574e2ed,ee000013-0000-0000-0000-000000000000
11bde744-732e-5092-b954-57229fb5b866,101c7e25-8d5c-47e5-8b02-9ef2d4ba48b6
13a68495-50cb-5c6d-83e2-85b3c8000674,ee00000f-0000-0000-0000-000000000000
160de796-0d85-5e67-94b6-646e0fb6aad3,600d7dae-1651-4144-95cd-736c0528ceda
160de796-0d85-5e67-94b6-646e0fb6aad3,ee000013-0000-0000-0000-000000000000
160de796-0d85-5e67-94b6-646e0fb6aad3,ee000014-0000-0000-0000-000000000000
16480fe6-c632-5b1d-a36d-8189cc279ad0,ee00000b-0000-0000-0000-000000000000
16480fe6-c632-5b1d-a36d-8189cc279ad0,ee00000e-0000-0000-0000-000000000000
17c4fa5c-6325-5d73-b974-a5da8e7c3944,dc544854-1335-49b3-be7c-751496dca301
17c4fa5c-6325-5d73-b974-a5da8e7c3944,ee00000b-0000-0000-0000-000000000000
1825a46b-9b2b-531a-9507-cd1030744087,101c7e25-8d5c-47e5-8b02-9ef2d4ba48b6
1825a46b-9b2b-531a-9507-cd1030744087,ee000012-0000-0000-0000-000000000000
186aa984-9446-5a0f-b65d-4c5797e7baf4,ee00000b-0000-0000-0000-000000000000
186aa984-9446-5a0f-b65d-4c5797e7baf4,ee00000e-0000-0000-0000-000000000000
1936bb0b-8b28-5746-8f38-24abe09cc302,ee00000b-0000-0000-0000-000000000000
1a2370f3-8ba6-5868-b495-af385cb26856,83a8dbac-b740-40f9-8af6-c2ff2bbf3f63
1a2370f3-8ba6-5868-b495-af385cb26856,ee000017-0000-0000-0000-000000000000
1dfaf1a7-da49-536e-b88e-d2fd16bbcddd,83a8dbac-b740-40f9-8af6-c2ff2bbf3f63
1dfaf1a7-da49-536e-b88e-d2fd16bbcddd,ee00000b-0000-0000-0000-000000000000
1dfaf1a7-da49-536e-b88e-d2fd16bbcddd,ee000017-0000-0000-0000-000000000000
1e9a3c5f-db06-5d86-a036-af8ebf4fce84,ee00000f-0000-0000-0000-000000000000
1f389d0b-38c4-556a-9dde-521695bae97e,ee00000e-0000-0000-0000-000000000000
1f389d0b-38c4-556a-9dde-521695bae97e,ee000028-0000-0000-0000-000000000000
1fd50683-b1c3-59da-a497-e585b65aa8b7,ee00000b-0000-0000-0000-000000000000
1fd50683-b1c3-59da-a497-e585b65aa8b7,ee000017-0000-0000-0000-000000000000
21e053e0-b90c-5bf6-8251-2c2238968e98,600d7dae-1651-4144-95cd-736c0528ceda
21e053e0-b90c-5bf6-8251-2c2238968e98,ee000012-0000-0000-0000-000000000000
21e27f49-c6e8-581c-b99d-2ec75f8cf026,ee00000e-0000-0000-0000-000000000000
21e27f49-c6e8-581c-b99d-2ec75f8cf026,ee000012-0000-0000-0000-000000000000
2417e94a-b3e3-544f-906a-e18c10a5f72e,0356b1f4-da25-4916-82b2-067411f1cd87
2417e94a-b3e3-544f-906a-e18c10a5f72e,ee00000e-0000-0000-0000-000000000000
249b9a96-27b0-5f58-bfc7-550340467176,936e9acc-9a1f-4501-b667-f6ac6804909b
249b9a96-27b0-5f58-bfc7-550340467176,ee00000e-0000-0000-0000-000000000000
256de078-85c0-5c7e-9382-2103fec17da8,ee00000b-0000-0000-0000-000000000000
256de078-85c0-5c7e-9382-2103fec17da8,ee00000c-0000-0000-0000-000000000000
256de078-85c0-5c7e-9382-2103fec17da8,ee000017-0000-0000-0000-000000000000
25771706-0dbe-5e95-8a1e-5979261cac26,ee000012-0000-0000-0000-000000000000
25771706-0dbe-5e95-8a1e-5979261cac26,ee000028-0000-0000-0000-000000000000
25bc1a94-c562-5426-abbe-f81176ee4d63,ee00000e-0000-0000-0000-000000000000
25bc1a94-c562-5426-abbe-f81176ee4d63,ee000017-0000-0000-0000-000000000000
260f9039-b7eb-55d1-b114-42bf33865a6f,ee00000f-0000-0000-0000-000000000000
28468d02-fb75-530d-9361-5e0889d37b12,ee00000b-0000-0000-0000-000000000000
28468d02-fb75-530d-9361-5e0889d37b12,ee000016-0000-0000-0000-000000000000
2929e46d-af03-5a25-b4a4-34a30e8db1e0,600d7dae-1651-4144-95cd-736c0528ceda
2929e46d-af03-5a25-b4a4-34a30e8db1e0,ee000012-0000-0000-0000-000000000000
29e53d46-d0d4-58a4-ab6b-d8653b378a09,ee00000b-0000-0000-0000-000000000000
29e53d46-d0d4-58a4-ab6b-d8653b378a09,ee000012-0000-0000-0000-000000000000
2aebbc15-84ca-55f7-95d2-6b3b1f60ae0e,4db65ffb-eca0-40e1-a221-cc19f21c0a4e
2aebbc15-84ca-55f7-95d2-6b3b1f60ae0e,ee000012-0000-0000-0000-000000000000
2aebbc15-84ca-55f7-95d2-6b3b1f60ae0e,ee000028-0000-0000-0000-000000000000
2c378560-046f-55de-ade0-0940d179e634,600d7dae-1651-4144-95cd-736c0528ceda
2ef721f5-47ad-56cb-a4b5-aa5aa7481845,0356b1f4-da25-4916-82b2-067411f1cd87
2ef721f5-47ad-56cb-a4b5-aa5aa7481845,600d7dae-1651-4144-95cd-736c0528ceda
2fc78fb8-bddd-5e2a-ac5f-3bce2eb9a92d,e0ca00cc-387f-4ecd-88fe-bf60ea8bf2f9
2fc78fb8-bddd-5e2a-ac5f-3bce2eb9a92d,e559f5b1-c9cd-4d6a-ae24-1a616709488f
2fc78fb8-bddd-5e2a-ac5f-3bce2eb9a92d,ee000012-0000-0000-0000-000000000000
302fc245-3586-5f19-8eae-815113c47c2e,ee000006-0000-0000-0000-000000000000
302fc245-3586-5f19-8eae-815113c47c2e,ee000010-0000-0000-0000-000000000000
32e6916e-2f02-5be1-86f0-e5e69f897ffd,936e9acc-9a1f-4501-b667-f6ac6804909b
32e6916e-2f02-5be1-86f0-e5e69f897ffd,ee000039-0000-0000-0000-000000000000
35926b19-1921-5557-99fc-1b3d8c700ae8,0356b1f4-da25-4916-82b2-067411f1cd87
35926b19-1921-5557-99fc-1b3d8c700ae8,ee000017-0000-0000-0000-000000000000
36f84a83-d80e-5987-973a-4b9a3eec6d21,0356b1f4-da25-4916-82b2-067411f1cd87
36f84a83-d80e-5987-973a-4b9a3eec6d21,ee00000e-0000-0000-0000-000000000000
36f84a83-d80e-5987-973a-4b9a3eec6d21,ee000039-0000-0000-0000-000000000000
3b809017-5450-5a3f-bbe1-e447a86a3127,0356b1f4-da25-4916-82b2-067411f1cd87
3b809017-5450-5a3f-bbe1-e447a86a3127,600d7dae-1651-4144-95cd-736c0528ceda
3c67e99e-3947-5ba8-b402-34bbc50bebb2,7b22f7e8-658a-433c-b41f-bb4f04fe903c
3c67e99e-3947-5ba8-b402-34bbc50bebb2,ee00000f-0000-0000-0000-000000000000
3e064566-e2b1-5169-aa38-38b4ae253966,ee00000b-0000-0000-0000-000000000000
3e064566-e2b1-5169-aa38-38b4ae253966,ee000018-0000-0000-0000-000000000000
40ad6028-3712-5868-9cd0-eaed26a74cb3,600d7dae-1651-4144-95cd-736c0528ceda
40ad6028-3712-5868-9cd0-eaed26a74cb3,ee00000e-0000-0000-0000-000000000000
41168930-1915-52c9-b75b-d66f23983226,ee000028-0000-0000-0000-000000000000
43d0a167-64ff-5cf4-ad2c-82a1db361c37,3b0fff54-2a2d-4052-9b1b-96fc45c37535
43d0a167-64ff-5cf4-ad2c-82a1db361c37,ee000006-0000-0000-0000-000000000000
44e78c6d-ede7-5468-99bb-ea984e7b9bc4,ee00000e-0000-0000-0000-000000000000
44e78c6d-ede7-5468-99bb-ea984e7b9bc4,ee000017-0000-0000-0000-000000000000
45517ef3-8ee7-5661-8701-769fb797958f,ee000012-0000-0000-0000-000000000000
45517ef3-8ee7-5661-8701-769fb797958f,ee00002f-0000-0000-0000-000000000000
4553e6a4-428e-5f6f-94b4-e7ceeef88032,ee00000f-0000-0000-0000-000000000000
4671d846-379d-53ff-89a3-3ac3f6ba5a06,936e9acc-9a1f-4501-b667-f6ac6804909b
4671d846-379d-53ff-89a3-3ac3f6ba5a06,ee000012-0000-0000-0000-000000000000
46cedc16-d7b7-5c43-8a08-25e33ecf2c98,ee00000e-0000-0000-0000-000000000000
46cedc16-d7b7-5c43-8a08-25e33ecf2c98,ee000012-0000-0000-0000-000000000000
4734c5db-5ed2-5b65-b638-ee954774b915,ee00000f-0000-0000-0000-000000000000
4772a419-deaf-5666-9715-b0540c6a9a21,ee00000b-0000-0000-0000-000000000000
4772a419-deaf-5666-9715-b0540c6a9a21,ee00000e-0000-0000-0000-000000000000
47e2757b-8183-559b-b10d-192bd321ce0b,99960799-6868-4027-85b9-457bb175fbfd
47e2757b-8183-559b-b10d-192bd321ce0b,ee00000b-0000-0000-0000-000000000000
4b2acd99-1214-5bfc-9655-1fb94e53e58c,ee00000e-0000-0000-0000-000000000000
4c6b91b3-c5a0-54c1-8805-be8172d4b370,ee000006-0000-0000-0000-000000000000
4deb0977-d3c2-5b9f-928c-da1679a21377,17c25be3-47e9-4631-a795-5584ba7e9dee
4deb0977-d3c2-5b9f-928c-da1679a21377,ee00000b-0000-0000-0000-000000000000
4df273f1-5925-556f-91f7-525245950c07,ee00000e-0000-0000-0000-000000000000
4df273f1-5925-556f-91f7-525245950c07,ee000012-0000-0000-0000-000000000000
4e357a15-3217-52b9-9466-4780662043c2,936e9acc-9a1f-4501-b667-f6ac6804909b
513a46a1-26e4-5a7a-b0eb-0f63df673379,ee000014-0000-0000-0000-000000000000
52f14043-5db1-5766-802d-238d4a993141,ee00000b-0000-0000-0000-000000000000
52f14043-5db1-5766-802d-238d4a993141,ee000016-0000-0000-0000-000000000000
5301990e-1786-5733-a9bf-a0e9ee4a252a,ee00000b-0000-0000-0000-000000000000
5301990e-1786-5733-a9bf-a0e9ee4a252a,ee00000e-0000-0000-0000-000000000000
55276c52-93d0-5680-9ac8-76aceee99be5,ee00000f-0000-0000-0000-000000000000
55276c52-93d0-5680-9ac8-76aceee99be5,ee000017-0000-0000-0000-000000000000
56e0043c-a143-5f05-a4a9-dad7a1ba202b,0356b1f4-da25-4916-82b2-067411f1cd87
56e0043c-a143-5f05-a4a9-dad7a1ba202b,600d7dae-1651-4144-95cd-736c0528ceda
56e0043c-a143-5f05-a4a9-dad7a1ba202b,ee000014-0000-0000-0000-000000000000
57217dbe-a76b-5c0d-8602-f05200e41cd1,4db65ffb-eca0-40e1-a221-cc19f21c0a4e
57217dbe-a76b-5c0d-8602-f05200e41cd1,600d7dae-1651-4144-95cd-736c0528ceda
57217dbe-a76b-5c0d-8602-f05200e41cd1,ee000012-0000-0000-0000-000000000000
591b5afa-b198-551e-bc5b-f30e37ae589a,0356b1f4-da25-4916-82b2-067411f1cd87
591b5afa-b198-551e-bc5b-f30e37ae589a,ee00000e-0000-0000-0000-000000000000
591b5afa-b198-551e-bc5b-f30e37ae589a,ee000039-0000-0000-0000-000000000000
5971f846-0fdd-56d9-9603-e02534c03829,ee00000e-0000-0000-0000-000000000000
5971f846-0fdd-56d9-9603-e02534c03829,ee000012-0000-0000-0000-000000000000
5971f846-0fdd-56d9-9603-e02534c03829,ee000014-0000-0000-0000-000000000000
5a14b96c-0281-5f62-bb38-933b87fd505a,0356b1f4-da25-4916-82b2-067411f1cd87
5a14b96c-0281-5f62-bb38-933b87fd505a,ee000012-0000-0000-0000-000000000000
5a14b96c-0281-5f62-bb38-933b87fd505a,ee000014-0000-0000-0000-000000000000
5b10a2e0-9fc2-5d63-9062-65b1ca57612e,0356b1f4-da25-4916-82b2-067411f1cd87
5b10a2e0-9fc2-5d63-9062-65b1ca57612e,ee00000b-0000-0000-0000-000000000000
5e8cb680-5267-5b99-86ab-9292c5d759db,ee000006-0000-0000-0000-000000000000
5e8cb680-5267-5b99-86ab-9292c5d759db,ee000012-0000-0000-0000-000000000000
5fdd4a0d-d9db-5331-945e-138c95abdfe8,ee00000b-0000-0000-0000-000000000000
5fdd4a0d-d9db-5331-945e-138c95abdfe8,ee00000e-0000-0000-0000-000000000000
5fdd4a0d-d9db-5331-945e-138c95abdfe8,ee000014-0000-0000-0000-000000000000
5fece78d-864d-5a92-bb81-e23a62d03169,7b22f7e8-658a-433c-b41f-bb4f04fe903c
5fece78d-864d-5a92-bb81-e23a62d03169,ee00000e-0000-0000-0000-000000000000
603e4bdc-3e4c-5485-b1ec-377c13a6ff33,e559f5b1-c9cd-4d6a-ae24-1a616709488f
603e4bdc-3e4c-5485-b1ec-377c13a6ff33,ee000012-0000-0000-0000-000000000000
603e4bdc-3e4c-5485-b1ec-377c13a6ff33,ee000014-0000-0000-0000-000000000000
6074b96a-8f6c-581c-9a79-fbdd5183456e,83a8dbac-b740-40f9-8af6-c2ff2bbf3f63
6074b96a-8f6c-581c-9a79-fbdd5183456e,ee000006-0000-0000-0000-000000000000
60836556-846a-5bf0-9e61-24d355ebcfa9,ee000039-0000-0000-0000-000000000000
60bf0d2d-da47-5b31-990d-3a3b65247c9e,80ddf5f6-1688-4690-a1c5-8cb353ed4a06
60bf0d2d-da47-5b31-990d-3a3b65247c9e,ee000012-0000-0000-0000-000000000000
64772170-131e-57d7-add1-baf454d5afda,80ddf5f6-1688-4690-a1c5-8cb353ed4a06
64772170-131e-57d7-add1-baf454d5afda,ee000019-0000-0000-0000-000000000000
65719a53-c2a2-545f-aa58-ce739c93e553,936e9acc-9a1f-4501-b667-f6ac6804909b
65719a53-c2a2-545f-aa58-ce739c93e553,ee00000b-0000-0000-0000-000000000000
65ed96df-b1d3-5680-96df-306d8a8f3626,55c208f2-9e34-429f-b542-17d8da77cbd5
670ab0e5-ff2f-59bd-99d9-8584aa3d4bac,ee00000f-0000-0000-0000-000000000000
67776d6b-fa27-518c-bea6-5c2dfe102a78,600d7dae-1651-4144-95cd-736c0528ceda
67776d6b-fa27-518c-bea6-5c2dfe102a78,ee000012-0000-0000-0000-000000000000
68e8fc21-0129-5c52-b6f4-d73da499fd04,0356b1f4-da25-4916-82b2-067411f1cd87
68e8fc21-0129-5c52-b6f4-d73da499fd04,ee00000b-0000-0000-0000-000000000000
68e8fc21-0129-5c52-b6f4-d73da499fd04,ee000014-0000-0000-0000-000000000000
6a0664f3-8a4c-58f9-ae4e-659d51616f4a,80ddf5f6-1688-4690-a1c5-8cb353ed4a06
6a0664f3-8a4c-58f9-ae4e-659d51616f4a,ee000028-0000-0000-0000-000000000000
6c8d83da-0df3-5824-a2d2-dcd6e4c3cee5,4d4b69f8-ee5b-4ada-a9d3-a3ec5e05eef1
6c8d83da-0df3-5824-a2d2-dcd6e4c3cee5,80ddf5f6-1688-4690-a1c5-8cb353ed4a06
6c8d83da-0df3-5824-a2d2-dcd6e4c3cee5,936e9acc-9a1f-4501-b667-f6ac6804909b
6cbefd10-b68b-59c6-9928-6fc6cca757c8,80ddf5f6-1688-4690-a1c5-8cb353ed4a06
6cbefd10-b68b-59c6-9928-6fc6cca757c8,ee000039-0000-0000-0000-000000000000
6d60be87-6dd6-5978-b6ba-12cb45304eaa,ee00000e-0000-0000-0000-000000000000
6d60be87-6dd6-5978-b6ba-12cb45304eaa,ee000039-0000-0000-0000-000000000000
6f2b095e-2342-52d3-9064-f87ea62422b7,0356b1f4-da25-4916-82b2-067411f1cd87
6f2b095e-2342-52d3-9064-f87ea62422b7,600d7dae-1651-4144-95cd-736c0528ceda
6f2b095e-2342-52d3-9064-f87ea62422b7,ee000012-0000-0000-0000-000000000000
708a569c-1137-5867-a7d1-8f1df9a7a803,600d7dae-1651-4144-95cd-736c0528ceda
708a569c-1137-5867-a7d1-8f1df9a7a803,ee00000e-0000-0000-0000-000000000000
73198c49-13a9-5791-8e0a-b95771ed8cca,0356b1f4-da25-4916-82b2-067411f1cd87
73198c49-13a9-5791-8e0a-b95771ed8cca,ee000014-0000-0000-0000-000000000000
73198c49-13a9-5791-8e0a-b95771ed8cca,ee000039-0000-0000-0000-000000000000
743da5f2-f365-5f8d-9f06-0da7b5a8e2b8,0356b1f4-da25-4916-82b2-067411f1cd87
743da5f2-f365-5f8d-9f06-0da7b5a8e2b8,ee000028-0000-0000-0000-000000000000
76d06338-eb49-55ef-b4e0-90d6f177fc90,101c7e25-8d5c-47e5-8b02-9ef2d4ba48b6
76d06338-eb49-55ef-b4e0-90d6f177fc90,83a8dbac-b740-40f9-8af6-c2ff2bbf3f63
779379f4-d58a-5284-8d34-b10b89a18a53,ee00000b-0000-0000-0000-000000000000
779379f4-d58a-5284-8d34-b10b89a18a53,ee00000e-0000-0000-0000-000000000000
785d0e6d-76b0-5ec6-a6a6-563c5b697709,ee00000b-0000-0000-0000-000000000000
785d0e6d-76b0-5ec6-a6a6-563c5b697709,ee00000e-0000-0000-0000-000000000000
798ffe17-9336-551f-ac1a-4fd498c7de38,0356b1f4-da25-4916-82b2-067411f1cd87
798ffe17-9336-551f-ac1a-4fd498c7de38,600d7dae-1651-4144-95cd-736c0528ceda
798ffe17-9336-551f-ac1a-4fd498c7de38,ee000012-0000-0000-0000-000000000000
7b15d838-d10f-561e-8838-db4990dc71a4,ee00000e-0000-0000-0000-000000000000
7b15d838-d10f-561e-8838-db4990dc71a4,ee000012-0000-0000-0000-000000000000
7b1e0438-b381-56fb-aeb0-cdf53cf84982,ee00000e-0000-0000-0000-000000000000
7b1e0438-b381-56fb-aeb0-cdf53cf84982,ee000012-0000-0000-0000-000000000000
7b63e27d-e370-57b6-9538-ff94a1a9b26f,0356b1f4-da25-4916-82b2-067411f1cd87
7b63e27d-e370-57b6-9538-ff94a1a9b26f,936e9acc-9a1f-4501-b667-f6ac6804909b
7b63e27d-e370-57b6-9538-ff94a1a9b26f,ee000013-0000-0000-0000-000000000000
7e0e56f6-dee2-5cc5-8b9b-49be541f64de,4d4b69f8-ee5b-4ada-a9d3-a3ec5e05eef1
7ece53db-7058-5ea3-b8cf-d0488c91655c,ee00000b-0000-0000-0000-000000000000
7ece53db-7058-5ea3-b8cf-d0488c91655c,ee00000e-0000-0000-0000-000000000000
7ef55d0c-7dc8-5767-b779-2f4a2ca05ca0,ee00000b-0000-0000-0000-000000000000
7ef55d0c-7dc8-5767-b779-2f4a2ca05ca0,ee00000e-0000-0000-0000-000000000000
8024522e-6bac-58cd-be28-9247589b6a67,0356b1f4-da25-4916-82b2-067411f1cd87
8024522e-6bac-58cd-be28-9247589b6a67,600d7dae-1651-4144-95cd-736c0528ceda
8024522e-6bac-58cd-be28-9247589b6a67,ee00000b-0000-0000-0000-000000000000
8341e918-88f6-573b-ba59-2eb3f01df190,0356b1f4-da25-4916-82b2-067411f1cd87
8341e918-88f6-573b-ba59-2eb3f01df190,ee00000e-0000-0000-0000-000000000000
8341e918-88f6-573b-ba59-2eb3f01df190,ee000014-0000-0000-0000-000000000000
8541e9e2-050b-5ef0-a76e-b6529570b53f,ee00000b-0000-0000-0000-000000000000
8541e9e2-050b-5ef0-a76e-b6529570b53f,ee00000e-0000-0000-0000-000000000000
8541e9e2-050b-5ef0-a76e-b6529570b53f,ee000014-0000-0000-0000-000000000000
868ab539-1920-5264-a62f-5172bc24bf5c,936e9acc-9a1f-4501-b667-f6ac6804909b
88eda00f-c828-5cd4-a56d-63cecc2467aa,99960799-6868-4027-85b9-457bb175fbfd
88eda00f-c828-5cd4-a56d-63cecc2467aa,ee00000b-0000-0000-0000-000000000000
8b5b9a05-c392-5b20-a008-58e25a8e4cb7,4db65ffb-eca0-40e1-a221-cc19f21c0a4e
8b5b9a05-c392-5b20-a008-58e25a8e4cb7,ee000012-0000-0000-0000-000000000000
8d90cf90-c485-52dd-a1e3-26bff1f42019,ee000006-0000-0000-0000-000000000000
9027e1bd-4f3d-55b7-af70-56241db0ff43,ee000012-0000-0000-0000-000000000000
90b7a19e-1041-532f-b25b-3887c4b1d32d,ee000006-0000-0000-0000-000000000000
90b7a19e-1041-532f-b25b-3887c4b1d32d,ee00000b-0000-0000-0000-000000000000
90b7a19e-1041-532f-b25b-3887c4b1d32d,ee00000c-0000-0000-0000-000000000000
9296e44e-1e02-5a75-a4e1-d9fc255c3d92,936e9acc-9a1f-4501-b667-f6ac6804909b
930925ec-76fd-5930-97e0-38a47c4ac650,0356b1f4-da25-4916-82b2-067411f1cd87
930925ec-76fd-5930-97e0-38a47c4ac650,101c7e25-8d5c-47e5-8b02-9ef2d4ba48b6
93614ec6-1a74-594b-90b0-69b3efaa42c8,ee000006-0000-0000-0000-000000000000
9398e867-f0e0-554f-ab92-8636fc4c24cd,ee00000f-0000-0000-0000-000000000000
943a6886-c77c-5f1e-b684-19e2db7da0b5,ee00000e-0000-0000-0000-000000000000
943a6886-c77c-5f1e-b684-19e2db7da0b5,ee000028-0000-0000-0000-000000000000
943ee189-4bcc-5874-9f1f-3ce23dd632a2,4d13a33a-a5b4-4763-bc7e-047d8bb53538
9485c8dd-a562-547b-ab42-f2c91baa5048,7b22f7e8-658a-433c-b41f-bb4f04fe903c
9485c8dd-a562-547b-ab42-f2c91baa5048,ee00000e-0000-0000-0000-000000000000
9485c8dd-a562-547b-ab42-f2c91baa5048,ee000017-0000-0000-0000-000000000000
94cd016e-8961-5d1b-87c3-8dd52043ea5a,101c7e25-8d5c-47e5-8b02-9ef2d4ba48b6
96c307c7-6d2b-589e-8a47-ac25f40d2f87,ee00000b-0000-0000-0000-000000000000
96c307c7-6d2b-589e-8a47-ac25f40d2f87,ee00000e-0000-0000-0000-000000000000
9937bab2-2717-57e7-a82b-38feb0460420,ee00000b-0000-0000-0000-000000000000
997a23f1-c542-52d8-9a07-fc84a5f7e2d5,ee00000e-0000-0000-0000-000000000000
997a23f1-c542-52d8-9a07-fc84a5f7e2d5,ee000012-0000-0000-0000-000000000000
9afbea60-a467-5ea5-b001-813075435d64,83a8dbac-b740-40f9-8af6-c2ff2bbf3f63
9afbea60-a467-5ea5-b001-813075435d64,ee000006-0000-0000-0000-000000000000
9b6dc987-2dc6-56c9-8474-de14c1942f00,ee000012-0000-0000-0000-000000000000
9b6dc987-2dc6-56c9-8474-de14c1942f00,ee000014-0000-0000-0000-000000000000
9bcb16b5-3a88-525d-a329-39613ee5ec76,600d7dae-1651-4144-95cd-736c0528ceda
9bcb16b5-3a88-525d-a329-39613ee5ec76,ee000012-0000-0000-0000-000000000000
9ca5f986-04eb-5c54-aa1f-79e662b82b44,0356b1f4-da25-4916-82b2-067411f1cd87
9ca5f986-04eb-5c54-aa1f-79e662b82b44,ee000039-0000-0000-0000-000000000000
9e4acd9f-506e-524b-bc72-a62a19ae0ba8,ee00000b-0000-0000-0000-000000000000
9f205319-d460-5dd8-bd69-38348ac9b593,ee00000e-0000-0000-0000-000000000000
9f205319-d460-5dd8-bd69-38348ac9b593,ee000010-0000-0000-0000-000000000000
9f27a0a7-3ab0-5fa6-ac78-bdf1f028dcf8,ee00000e-0000-0000-0000-000000000000
9f27a0a7-3ab0-5fa6-ac78-bdf1f028dcf8,ee000018-0000-0000-0000-000000000000
9f511808-73c7-5cea-860d-8f4c0fa84e6c,2a0be04b-f7ad-40e1-bd30-af3eccdc10d3
9f511808-73c7-5cea-860d-8f4c0fa84e6c,ee00000e-0000-0000-0000-000000000000
a064ba94-63a6-5162-b0f5-1254053ca0b4,ee000006-0000-0000-0000-000000000000
a145d764-6af6-5679-b5ea-aca3ba6e952c,ee00000b-0000-0000-0000-000000000000
a145d764-6af6-5679-b5ea-aca3ba6e952c,ee00000e-0000-0000-0000-000000000000
a1bec24a-6aea-5517-ba52-269ca8e8175f,ee00000b-0000-0000-0000-000000000000
a1bec24a-6aea-5517-ba52-269ca8e8175f,ee00000e-0000-0000-0000-000000000000
a2138b00-e5de-5486-8703-1d90a00a2349,ee00000b-0000-0000-0000-000000000000
a2138b00-e5de-5486-8703-1d90a00a2349,ee00000e-0000-0000-0000-000000000000
a2f6235c-9ea3-5f2e-ae75-9abc68d487af,ee00000b-0000-0000-0000-000000000000
a2f6235c-9ea3-5f2e-ae75-9abc68d487af,ee000013-0000-0000-0000-000000000000
a2f6235c-9ea3-5f2e-ae75-9abc68d487af,ee000014-0000-0000-0000-000000000000
a5294081-92e3-5396-a001-1ddacb09c5f8,4d4b69f8-ee5b-4ada-a9d3-a3ec5e05eef1
a5294081-92e3-5396-a001-1ddacb09c5f8,80ddf5f6-1688-4690-a1c5-8cb353ed4a06
a5294081-92e3-5396-a001-1ddacb09c5f8,936e9acc-9a1f-4501-b667-f6ac6804909b
a572bc1e-dee9-5e89-bcb4-749942589233,34f4fba6-1158-5390-8a49-a067ad0696c2
a572bc1e-dee9-5e89-bcb4-749942589233,ee000012-0000-0000-0000-000000000000
aa101be9-058d-54b1-9a1d-230c037ecb4c,aa2dc2c3-3701-456b-8cd9-ea608cedc56a
ab01551b-9a35-5fee-8a50-4857b99bee25,2a0be04b-f7ad-40e1-bd30-af3eccdc10d3
ab01551b-9a35-5fee-8a50-4857b99bee25,ee00000e-0000-0000-0000-000000000000
ab8e9a1d-574f-5bb4-ae4b-7a520a7d7fe5,80ddf5f6-1688-4690-a1c5-8cb353ed4a06
ab8e9a1d-574f-5bb4-ae4b-7a520a7d7fe5,ee000014-0000-0000-0000-000000000000
ac6c1958-9a7f-53e0-a4f7-0abed63f8532,80ddf5f6-1688-4690-a1c5-8cb353ed4a06
ac6c1958-9a7f-53e0-a4f7-0abed63f8532,ee000019-0000-0000-0000-000000000000
add407a8-e972-5457-bf1e-f7c02727eec1,7b22f7e8-658a-433c-b41f-bb4f04fe903c
add407a8-e972-5457-bf1e-f7c02727eec1,ee00000f-0000-0000-0000-000000000000
adf00d50-924d-59f0-89d4-b9189b475c9c,ee00000b-0000-0000-0000-000000000000
adf00d50-924d-59f0-89d4-b9189b475c9c,ee00000e-0000-0000-0000-000000000000
af4ddf88-371c-5381-8da7-38ad1f0c5ecf,ee00000b-0000-0000-0000-000000000000
af4ddf88-371c-5381-8da7-38ad1f0c5ecf,ee00000e-0000-0000-0000-000000000000
af62429a-6ea4-5223-95b6-fa6045c08c10,0356b1f4-da25-4916-82b2-067411f1cd87
af62429a-6ea4-5223-95b6-fa6045c08c10,ee000013-0000-0000-0000-000000000000
af62429a-6ea4-5223-95b6-fa6045c08c10,ee000014-0000-0000-0000-000000000000
b001796e-9255-50ff-a628-dd42d04942d3,0356b1f4-da25-4916-82b2-067411f1cd87
b001796e-9255-50ff-a628-dd42d04942d3,ee000039-0000-0000-0000-000000000000
b05d4e4c-795a-58e6-98a5-cb6cfafbabaf,ee00000e-0000-0000-0000-000000000000
b05d4e4c-795a-58e6-98a5-cb6cfafbabaf,ee000039-0000-0000-0000-000000000000
b17e2289-62f3-588b-bef4-c653993a783f,ee00000e-0000-0000-0000-000000000000
b27aeb9c-b721-536b-a7f3-a683dc1aecf3,ee00000b-0000-0000-0000-000000000000
b27aeb9c-b721-536b-a7f3-a683dc1aecf3,ee00000c-0000-0000-0000-000000000000
b27aeb9c-b721-536b-a7f3-a683dc1aecf3,ee000017-0000-0000-0000-000000000000
b2fabc07-466e-5a77-a9d0-9ae89e1069c0,55c208f2-9e34-429f-b542-17d8da77cbd5
b3e6557d-7fe7-562f-8c9e-1f24011452bf,ee00000b-0000-0000-0000-000000000000
b409d59d-0bf1-57c2-8f77-f5e668acf709,ee000006-0000-0000-0000-000000000000
b409d59d-0bf1-57c2-8f77-f5e668acf709,ee00000e-0000-0000-0000-000000000000
b42d064f-0273-5517-b601-307af6c43ee7,ee00000b-0000-0000-0000-000000000000
b4d7b4ef-92a1-5357-ad2e-c2ee89494caa,600d7dae-1651-4144-95cd-736c0528ceda
b4d7b4ef-92a1-5357-ad2e-c2ee89494caa,ee00000e-0000-0000-0000-000000000000
b5e736be-a1e6-552e-82c4-e7f8f8c542a7,ee00000e-0000-0000-0000-000000000000
b5e736be-a1e6-552e-82c4-e7f8f8c542a7,ee00000f-0000-0000-0000-000000000000
b6416f48-49ae-5902-9063-f26b695a33a3,ee000006-0000-0000-0000-000000000000
b6667ce1-667f-53c8-8ba4-50c9b1e829ab,7b22f7e8-658a-433c-b41f-bb4f04fe903c
b6691eec-1c8c-5c1a-9a8b-0e4917394fc6,ee00000e-0000-0000-0000-000000000000
b6691eec-1c8c-5c1a-9a8b-0e4917394fc6,ee000014-0000-0000-0000-000000000000
b67da8d9-0b74-50e7-8aa6-fc552a9f8dfd,ee000006-0000-0000-0000-000000000000
b7ea4bea-6e05-5216-bcfe-afb9d27f1176,0356b1f4-da25-4916-82b2-067411f1cd87
b7ea4bea-6e05-5216-bcfe-afb9d27f1176,ee00000b-0000-0000-0000-000000000000
bb384ae2-fa86-5ae5-be94-07a33201dbd4,80ddf5f6-1688-4690-a1c5-8cb353ed4a06
bb384ae2-fa86-5ae5-be94-07a33201dbd4,ee000028-0000-0000-0000-000000000000
bc500b40-7215-50b3-b8d0-ba680d6e746a,34f4fba6-1158-5390-8a49-a067ad0696c2
bc500b40-7215-50b3-b8d0-ba680d6e746a,ee000012-0000-0000-0000-000000000000
bc568b76-ec52-52d8-a059-3a53f097593e,0356b1f4-da25-4916-82b2-067411f1cd87
bc568b76-ec52-52d8-a059-3a53f097593e,ee00000b-0000-0000-0000-000000000000
bd9d8cfb-dc61-5dc7-ac74-4a8f0a9c8d26,ee00000e-0000-0000-0000-000000000000
bd9d8cfb-dc61-5dc7-ac74-4a8f0a9c8d26,ee000018-0000-0000-0000-000000000000
be0a5866-b2cd-5823-9b6c-37e7f9a12032,4d13a33a-a5b4-4763-bc7e-047d8bb53538
be0a5866-b2cd-5823-9b6c-37e7f9a12032,ee00000b-0000-0000-0000-000000000000
c2555fa4-cb32-5e9c-8534-5d7a22ae3c97,ee00000f-0000-0000-0000-000000000000
c2555fa4-cb32-5e9c-8534-5d7a22ae3c97,ee000017-0000-0000-0000-000000000000
c41e8d86-6429-56d7-8df3-3352a84753b2,ee00002f-0000-0000-0000-000000000000
c44840a9-7816-5b28-b276-371b6a6d09aa,ee00000e-0000-0000-0000-000000000000
c44840a9-7816-5b28-b276-371b6a6d09aa,ee000014-0000-0000-0000-000000000000
c44840a9-7816-5b28-b276-371b6a6d09aa,ee000039-0000-0000-0000-000000000000
c535da2e-bcb1-56d5-9eed-35d768a51fe2,0356b1f4-da25-4916-82b2-067411f1cd87
c535da2e-bcb1-56d5-9eed-35d768a51fe2,ee000014-0000-0000-0000-000000000000
c535da2e-bcb1-56d5-9eed-35d768a51fe2,ee000039-0000-0000-0000-000000000000
c6914f96-c80a-5474-be75-5735c0c87318,ee00000b-0000-0000-0000-000000000000
c6914f96-c80a-5474-be75-5735c0c87318,ee00000e-0000-0000-0000-000000000000
c6914f96-c80a-5474-be75-5735c0c87318,ee000014-0000-0000-0000-000000000000
c8dc4502-4e6f-5b93-b011-ea349fc0e459,ee00000b-0000-0000-0000-000000000000
ca53bb31-a360-5cb3-ad8b-bf6764e480e7,0356b1f4-da25-4916-82b2-067411f1cd87
ca53bb31-a360-5cb3-ad8b-bf6764e480e7,600d7dae-1651-4144-95cd-736c0528ceda
ca53bb31-a360-5cb3-ad8b-bf6764e480e7,ee000012-0000-0000-0000-000000000000
cc52bd63-5886-5446-82bb-0ee8ac3cf230,ee00000b-0000-0000-0000-000000000000
cd510ea6-a204-53b5-bdbf-555fa1f14c9c,3b0fff54-2a2d-4052-9b1b-96fc45c37535
cd510ea6-a204-53b5-bdbf-555fa1f14c9c,ee00000e-0000-0000-0000-000000000000
ce08584f-c83c-5698-9455-9f2cf08d6a4c,ee00000e-0000-0000-0000-000000000000
ce08584f-c83c-5698-9455-9f2cf08d6a4c,ee000017-0000-0000-0000-000000000000
ce23f4b7-1db4-5a87-8cb8-595103a30544,ee00002f-0000-0000-0000-000000000000
ce404ab3-450f-55ca-ae66-8e635f426e93,e559f5b1-c9cd-4d6a-ae24-1a616709488f
ce404ab3-450f-55ca-ae66-8e635f426e93,ee000012-0000-0000-0000-000000000000
d0b6c9bb-008f-596e-96b2-ad563606c336,0356b1f4-da25-4916-82b2-067411f1cd87
d0b6c9bb-008f-596e-96b2-ad563606c336,ee000014-0000-0000-0000-000000000000
d0b6c9bb-008f-596e-96b2-ad563606c336,ee000039-0000-0000-0000-000000000000
d12af26d-6cd5-5c82-a5c1-4fb867376ac3,936e9acc-9a1f-4501-b667-f6ac6804909b
d1ac9df2-cea7-5cb8-a920-5622bd94bdd3,4d4b69f8-ee5b-4ada-a9d3-a3ec5e05eef1
d3853a94-46ff-5177-8a85-5de4fc955466,ee00000e-0000-0000-0000-000000000000
d3853a94-46ff-5177-8a85-5de4fc955466,ee000012-0000-0000-0000-000000000000
d4014e83-d770-5333-9740-98a695cc69a2,0356b1f4-da25-4916-82b2-067411f1cd87
d4014e83-d770-5333-9740-98a695cc69a2,ee00000b-0000-0000-0000-000000000000
d44d6ab3-eff5-5b37-8910-a7aa747c2a79,0356b1f4-da25-4916-82b2-067411f1cd87
d44d6ab3-eff5-5b37-8910-a7aa747c2a79,469ed2da-795d-4bc4-a55a-c7d90e415c60
d44d6ab3-eff5-5b37-8910-a7aa747c2a79,ee000014-0000-0000-0000-000000000000
d4599ea4-d7fc-5460-8953-a0b9da300c9a,ee00000b-0000-0000-0000-000000000000
d4599ea4-d7fc-5460-8953-a0b9da300c9a,ee000012-0000-0000-0000-000000000000
d45fd2a9-beb1-5608-b116-55ee6c42bf11,ee00000e-0000-0000-0000-000000000000
d45fd2a9-beb1-5608-b116-55ee6c42bf11,ee000012-0000-0000-0000-000000000000
d4e03ae7-76b2-5e8b-855c-14760b857f06,ee00000f-0000-0000-0000-000000000000
d530b014-b4b9-58d2-ae63-1f346f261dde,02408150-f4ff-4c0d-b09e-f7793f498e32
d530b014-b4b9-58d2-ae63-1f346f261dde,4db65ffb-eca0-40e1-a221-cc19f21c0a4e
d6588b42-cb1e-5e6b-b581-7f664163d782,ee00000b-0000-0000-0000-000000000000
d6588b42-cb1e-5e6b-b581-7f664163d782,ee00000e-0000-0000-0000-000000000000
d6dc0f4a-5ba2-55fa-95aa-84c023d5810c,936e9acc-9a1f-4501-b667-f6ac6804909b
d770ccc1-51ae-57dd-9256-dbdd2d4e0813,ee00000b-0000-0000-0000-000000000000
d7d08dc4-b094-5f42-a1db-9fb9a9cd1b4d,ee00000e-0000-0000-0000-000000000000
d7d08dc4-b094-5f42-a1db-9fb9a9cd1b4d,ee000017-0000-0000-0000-000000000000
d9377ded-16df-5123-98e2-4d8b98fd5050,ee00000b-0000-0000-0000-000000000000
d9377ded-16df-5123-98e2-4d8b98fd5050,ee00000e-0000-0000-0000-000000000000
da84c146-ed26-52ef-a58a-aeda0d11a80c,ee00000e-0000-0000-0000-000000000000
da84c146-ed26-52ef-a58a-aeda0d11a80c,ee000010-0000-0000-0000-000000000000
dd1c98e4-edc2-5d73-8232-a72bd01f55a6,ee000006-0000-0000-0000-000000000000
dd1c98e4-edc2-5d73-8232-a72bd01f55a6,ee000014-0000-0000-0000-000000000000
dd4aa747-7096-5f37-a028-70de966793bb,600d7dae-1651-4144-95cd-736c0528ceda
dd4aa747-7096-5f37-a028-70de966793bb,ee00000e-0000-0000-0000-000000000000
ddf5e1e7-3771-5043-b8ad-52929102ef32,ee00000b-0000-0000-0000-000000000000
ddf5e1e7-3771-5043-b8ad-52929102ef32,ee000017-0000-0000-0000-000000000000
e150cc19-1843-52b5-adf3-6bbedec41bdc,600d7dae-1651-4144-95cd-736c0528ceda
e150cc19-1843-52b5-adf3-6bbedec41bdc,ee00000e-0000-0000-0000-000000000000
e35a27ef-e562-5c5e-90da-401cfcabb63e,0356b1f4-da25-4916-82b2-067411f1cd87
e35a27ef-e562-5c5e-90da-401cfcabb63e,ee00000b-0000-0000-0000-000000000000
e35a27ef-e562-5c5e-90da-401cfcabb63e,ee000039-0000-0000-0000-000000000000
e5454fa1-d669-512c-b884-198bc473cdef,ee00000f-0000-0000-0000-000000000000
e5ef10a1-d4e1-5b3e-b3dc-7b39c0f7debc,600d7dae-1651-4144-95cd-736c0528ceda
e5ef10a1-d4e1-5b3e-b3dc-7b39c0f7debc,ee000012-0000-0000-0000-000000000000
e6bc6caa-1bdb-5b81-81d5-85168f551026,ee00000b-0000-0000-0000-000000000000
e6bc6caa-1bdb-5b81-81d5-85168f551026,ee00000e-0000-0000-0000-000000000000
e6c4e100-5925-5582-aff3-19ea88b0d889,ee00002f-0000-0000-0000-000000000000
e6fac80a-8d22-5179-96d0-939b53bf1a2c,3b0fff54-2a2d-4052-9b1b-96fc45c37535
e6fac80a-8d22-5179-96d0-939b53bf1a2c,ee00000e-0000-0000-0000-000000000000
e7b5b438-bad7-5c97-99b7-9591deac65ef,ee00000b-0000-0000-0000-000000000000
e7b5b438-bad7-5c97-99b7-9591deac65ef,ee00000e-0000-0000-0000-000000000000
e90b0105-4402-5dac-bcc5-9aa73f23e2ac,ee00000b-0000-0000-0000-000000000000
e90b0105-4402-5dac-bcc5-9aa73f23e2ac,ee00000e-0000-0000-0000-000000000000
ed1ce781-78ba-56ef-b05b-1d40af6d3d04,4d4b69f8-ee5b-4ada-a9d3-a3ec5e05eef1
ed1ce781-78ba-56ef-b05b-1d40af6d3d04,ee000028-0000-0000-0000-000000000000
edeed0d4-6e40-550e-9c79-7d357a4e2ea6,ee00000f-0000-0000-0000-000000000000
ee0effc1-f79a-587c-b87e-9b548d91317e,3b0fff54-2a2d-4052-9b1b-96fc45c37535
ee0effc1-f79a-587c-b87e-9b548d91317e,ee00000e-0000-0000-0000-000000000000
eea723bb-2325-5cbd-8da1-34693e729479,80ddf5f6-1688-4690-a1c5-8cb353ed4a06
eea723bb-2325-5cbd-8da1-34693e729479,ee000019-0000-0000-0000-000000000000
f195f99b-ee50-555d-840f-3f2abb42dca8,0356b1f4-da25-4916-82b2-067411f1cd87
f195f99b-ee50-555d-840f-3f2abb42dca8,ee000012-0000-0000-0000-000000000000
f21ce555-fe46-5741-82e9-0d9601a5fc09,0356b1f4-da25-4916-82b2-067411f1cd87
f21ce555-fe46-5741-82e9-0d9601a5fc09,ee00000b-0000-0000-0000-000000000000
f31b85c2-3d88-504e-b637-c44a184f1634,02e5a3ea-592b-49fe-8a92-937c3586d36c
f31b85c2-3d88-504e-b637-c44a184f1634,80ddf5f6-1688-4690-a1c5-8cb353ed4a06
f33f89dd-b8aa-50a7-b6c9-77d6d1a018ed,ee00000e-0000-0000-0000-000000000000
f33f89dd-b8aa-50a7-b6c9-77d6d1a018ed,ee000012-0000-0000-0000-000000000000
f33f89dd-b8aa-50a7-b6c9-77d6d1a018ed,ee000014-0000-0000-0000-000000000000
f4d2cea9-ec40-5a25-8189-1e1c55259ac5,ee00000b-0000-0000-0000-000000000000
f4d2cea9-ec40-5a25-8189-1e1c55259ac5,ee000012-0000-0000-0000-000000000000
f6040a9d-0ba8-5390-9d87-5602c397a9bf,ee00000b-0000-0000-0000-000000000000
f6040a9d-0ba8-5390-9d87-5602c397a9bf,ee00000e-0000-0000-0000-000000000000
f6040a9d-0ba8-5390-9d87-5602c397a9bf,ee00000f-0000-0000-0000-000000000000
f70c4464-0657-59b0-90c3-1a077641caa5,ee00000f-0000-0000-0000-000000000000
f9bf528b-c11d-517f-ae23-482322affb91,101c7e25-8d5c-47e5-8b02-9ef2d4ba48b6
fad0f852-5399-5f18-a709-2d00259958da,ee00000b-0000-0000-0000-000000000000
fb924281-d9f5-5191-b038-b9f666b2be78,0356b1f4-da25-4916-82b2-067411f1cd87
fb924281-d9f5-5191-b038-b9f666b2be78,ee00000b-0000-0000-0000-000000000000
fb9f4bcd-7b49-5bcd-8a02-b43377718385,80ddf5f6-1688-4690-a1c5-8cb353ed4a06
fb9f4bcd-7b49-5bcd-8a02-b43377718385,ee000010-0000-0000-0000-000000000000
fbeaedcd-da7a-5da0-8247-1dfcce81eb38,ee00000e-0000-0000-0000-000000000000
fc51a95b-7368-5540-a2f8-3c0970b92843,ee00000e-0000-0000-0000-000000000000
fc51a95b-7368-5540-a2f8-3c0970b92843,ee000012-0000-0000-0000-000000000000
fd99641a-4488-5d7d-ae43-e81021710d7f,ee00000b-0000-0000-0000-000000000000
fd99641a-4488-5d7d-ae43-e81021710d7f,ee00000e-0000-0000-0000-000000000000
fe0a4aa8-5b97-5021-a184-7438b7cd0dd3,101c7e25-8d5c-47e5-8b02-9ef2d4ba48b6
ff9a4465-9b78-57c5-83af-44b5616f84d8,101c7e25-8d5c-47e5-8b02-9ef2d4ba48b6
ff9a4465-9b78-57c5-83af-44b5616f84d8,ee000018-0000-0000-0000-000000000000
