-- ============================================================
-- PART 4: Canonical client and recipe operations data
-- ============================================================
-- Run order:
--   1. seed-part1-base.sql
--   2. seed-part2-users.sql
--   3. seed-part3-recipes.sql
--   4. this file
--
-- Purpose:
--   - seed canonical client restrictions
--   - seed pantry and goal preferences for realistic kitchen tests
--   - seed dietitian-client binding and access keys
-- ============================================================

BEGIN;

-- Refresh deterministic clinical link records.
DELETE FROM "DietitianClientLinks"
WHERE "ClientId" IN (
    'cc000001-0000-0000-0000-000000000000'::uuid,
    'cc000002-0000-0000-0000-000000000000'::uuid,
    'cc000003-0000-0000-0000-000000000000'::uuid,
    'cc000004-0000-0000-0000-000000000000'::uuid,
    'cc000005-0000-0000-0000-000000000000'::uuid,
    'cc000006-0000-0000-0000-000000000000'::uuid,
    'cc000007-0000-0000-0000-000000000000'::uuid,
    'cc000008-0000-0000-0000-000000000000'::uuid,
    'cc000009-0000-0000-0000-000000000000'::uuid,
    'cc00000a-0000-0000-0000-000000000000'::uuid
);

INSERT INTO "DietitianClientLinks"
    ("Id", "DietitianId", "ClientId", "PublicUserId", "LinkedAt", "UnlinkedAt", "IsActive")
VALUES
    ('dc000001-0000-0000-0000-000000000001', 'dd000001-0000-0000-0000-000000000000', 'cc000001-0000-0000-0000-000000000000', 'CL-0001-2026-01', TIMESTAMPTZ '2026-01-15 08:00:00+00', NULL, TRUE),
    ('dc000002-0000-0000-0000-000000000002', 'dd000002-0000-0000-0000-000000000000', 'cc000002-0000-0000-0000-000000000000', 'CL-0002-2026-02', TIMESTAMPTZ '2026-01-20 09:00:00+00', NULL, TRUE),
    ('dc000003-0000-0000-0000-000000000003', 'dd000003-0000-0000-0000-000000000000', 'cc000003-0000-0000-0000-000000000000', 'CL-0003-2026-03', TIMESTAMPTZ '2026-02-01 10:00:00+00', NULL, TRUE),
    ('dc000004-0000-0000-0000-000000000004', 'dd000004-0000-0000-0000-000000000000', 'cc000004-0000-0000-0000-000000000000', 'CL-0004-2026-04', TIMESTAMPTZ '2026-02-05 11:00:00+00', NULL, TRUE),
    ('dc000005-0000-0000-0000-000000000005', 'dd000005-0000-0000-0000-000000000000', 'cc000005-0000-0000-0000-000000000000', 'CL-0005-2026-05', TIMESTAMPTZ '2026-01-10 07:30:00+00', NULL, TRUE),
    ('dc000006-0000-0000-0000-000000000006', 'dd000006-0000-0000-0000-000000000000', 'cc000006-0000-0000-0000-000000000000', 'CL-0006-2026-06', TIMESTAMPTZ '2026-02-10 08:45:00+00', NULL, TRUE),
    ('dc000007-0000-0000-0000-000000000007', 'dd000007-0000-0000-0000-000000000000', 'cc000007-0000-0000-0000-000000000000', 'CL-0007-2026-07', TIMESTAMPTZ '2026-01-25 09:15:00+00', NULL, TRUE),
    ('dc000008-0000-0000-0000-000000000008', 'dd000008-0000-0000-0000-000000000000', 'cc000008-0000-0000-0000-000000000000', 'CL-0008-2026-08', TIMESTAMPTZ '2026-02-15 10:30:00+00', NULL, TRUE),
    ('dc000009-0000-0000-0000-000000000009', 'dd000009-0000-0000-0000-000000000000', 'cc000009-0000-0000-0000-000000000000', 'CL-0009-2026-09', TIMESTAMPTZ '2026-01-05 08:00:00+00', NULL, TRUE),
    ('dc00000a-0000-0000-0000-00000000000a', 'dd00000a-0000-0000-0000-000000000000', 'cc00000a-0000-0000-0000-000000000000', 'CL-0010-2026-10', TIMESTAMPTZ '2026-02-20 11:00:00+00', NULL, TRUE);

DELETE FROM "AccessKeys"
WHERE "ClientId" IN (
    'cc000001-0000-0000-0000-000000000000'::uuid,
    'cc000002-0000-0000-0000-000000000000'::uuid,
    'cc000003-0000-0000-0000-000000000000'::uuid,
    'cc000004-0000-0000-0000-000000000000'::uuid,
    'cc000005-0000-0000-0000-000000000000'::uuid,
    'cc000006-0000-0000-0000-000000000000'::uuid,
    'cc000007-0000-0000-0000-000000000000'::uuid,
    'cc000008-0000-0000-0000-000000000000'::uuid,
    'cc000009-0000-0000-0000-000000000000'::uuid,
    'cc00000a-0000-0000-0000-000000000000'::uuid
);

INSERT INTO "AccessKeys"
    ("Id", "ClientId", "DietitianId", "KeyValue", "Code", "CreatedAtUtc", "ExpiresAtUtc", "IsActive")
VALUES
    ('ac000001-0000-0000-0000-000000000001', 'cc000001-0000-0000-0000-000000000000', 'dd000001-0000-0000-0000-000000000000', '90000001-0000-0000-0000-000000000001', '610001', TIMESTAMPTZ '2026-01-15 08:00:00+00', TIMESTAMPTZ '2026-12-31 23:59:59+00', TRUE),
    ('ac000002-0000-0000-0000-000000000002', 'cc000002-0000-0000-0000-000000000000', 'dd000002-0000-0000-0000-000000000000', '90000002-0000-0000-0000-000000000002', '610002', TIMESTAMPTZ '2026-01-20 09:00:00+00', TIMESTAMPTZ '2026-12-31 23:59:59+00', TRUE),
    ('ac000003-0000-0000-0000-000000000003', 'cc000003-0000-0000-0000-000000000000', 'dd000003-0000-0000-0000-000000000000', '90000003-0000-0000-0000-000000000003', '610003', TIMESTAMPTZ '2026-02-01 10:00:00+00', TIMESTAMPTZ '2026-12-31 23:59:59+00', TRUE),
    ('ac000004-0000-0000-0000-000000000004', 'cc000004-0000-0000-0000-000000000000', 'dd000004-0000-0000-0000-000000000000', '90000004-0000-0000-0000-000000000004', '610004', TIMESTAMPTZ '2026-02-05 11:00:00+00', TIMESTAMPTZ '2026-12-31 23:59:59+00', TRUE),
    ('ac000005-0000-0000-0000-000000000005', 'cc000005-0000-0000-0000-000000000000', 'dd000005-0000-0000-0000-000000000000', '90000005-0000-0000-0000-000000000005', '610005', TIMESTAMPTZ '2026-01-10 07:30:00+00', TIMESTAMPTZ '2026-12-31 23:59:59+00', TRUE),
    ('ac000006-0000-0000-0000-000000000006', 'cc000006-0000-0000-0000-000000000000', 'dd000006-0000-0000-0000-000000000000', '90000006-0000-0000-0000-000000000006', '610006', TIMESTAMPTZ '2026-02-10 08:45:00+00', TIMESTAMPTZ '2026-12-31 23:59:59+00', TRUE),
    ('ac000007-0000-0000-0000-000000000007', 'cc000007-0000-0000-0000-000000000000', 'dd000007-0000-0000-0000-000000000000', '90000007-0000-0000-0000-000000000007', '610007', TIMESTAMPTZ '2026-01-25 09:15:00+00', TIMESTAMPTZ '2026-12-31 23:59:59+00', TRUE),
    ('ac000008-0000-0000-0000-000000000008', 'cc000008-0000-0000-0000-000000000000', 'dd000008-0000-0000-0000-000000000000', '90000008-0000-0000-0000-000000000008', '610008', TIMESTAMPTZ '2026-02-15 10:30:00+00', TIMESTAMPTZ '2026-12-31 23:59:59+00', TRUE),
    ('ac000009-0000-0000-0000-000000000009', 'cc000009-0000-0000-0000-000000000000', 'dd000009-0000-0000-0000-000000000000', '90000009-0000-0000-0000-000000000009', '610009', TIMESTAMPTZ '2026-01-05 08:00:00+00', TIMESTAMPTZ '2026-12-31 23:59:59+00', TRUE),
    ('ac00000a-0000-0000-0000-00000000000a', 'cc00000a-0000-0000-0000-000000000000', 'dd00000a-0000-0000-0000-000000000000', '9000000a-0000-0000-0000-00000000000a', '610010', TIMESTAMPTZ '2026-02-20 11:00:00+00', TIMESTAMPTZ '2026-12-31 23:59:59+00', TRUE);

INSERT INTO "ClientGoalPreferences"
    ("ClientId", "PrimaryGoal", "DietStyle", "CookingTimePreference", "ReminderTone", "UpdatedAtUtc")
VALUES
    ('cc000001-0000-0000-0000-000000000000', 'Weight Loss', 'Flexible', 'Quick', 'Supportive', TIMESTAMPTZ '2026-04-10 08:00:00+00'),
    ('cc000002-0000-0000-0000-000000000000', 'Balance', 'Mediterranean', 'Normal', 'Calm', TIMESTAMPTZ '2026-04-10 08:05:00+00'),
    ('cc000003-0000-0000-0000-000000000000', 'Protein Focus', 'Flexible', 'Quick', 'Coaching', TIMESTAMPTZ '2026-04-10 08:10:00+00'),
    ('cc000004-0000-0000-0000-000000000000', 'Digestive Comfort', 'Low Dairy', 'Quick', 'Supportive', TIMESTAMPTZ '2026-04-10 08:15:00+00'),
    ('cc000005-0000-0000-0000-000000000000', 'Consistency', 'Traditional', 'Normal', 'Motivational', TIMESTAMPTZ '2026-04-10 08:20:00+00'),
    ('cc00000b-0000-0000-0000-000000000000', 'Healthy Start', 'Flexible', 'Quick', 'Gentle', TIMESTAMPTZ '2026-04-10 08:25:00+00')
ON CONFLICT ("ClientId") DO UPDATE
SET
    "PrimaryGoal" = EXCLUDED."PrimaryGoal",
    "DietStyle" = EXCLUDED."DietStyle",
    "CookingTimePreference" = EXCLUDED."CookingTimePreference",
    "ReminderTone" = EXCLUDED."ReminderTone",
    "UpdatedAtUtc" = EXCLUDED."UpdatedAtUtc";

INSERT INTO "ClientProhibitedIngredients"
    ("ClientId", "IngredientId", "CreatedAtUtc")
VALUES
    ('cc000001-0000-0000-0000-000000000000', 'ee000001-0000-0000-0000-000000000000', TIMESTAMPTZ '2026-04-01 09:00:00+00'),
    ('cc000002-0000-0000-0000-000000000000', 'ee000021-0000-0000-0000-000000000000', TIMESTAMPTZ '2026-04-01 09:05:00+00'),
    ('cc000003-0000-0000-0000-000000000000', 'ee000023-0000-0000-0000-000000000000', TIMESTAMPTZ '2026-04-01 09:10:00+00'),
    ('cc000004-0000-0000-0000-000000000000', 'ee000004-0000-0000-0000-000000000000', TIMESTAMPTZ '2026-04-01 09:15:00+00'),
    ('cc000005-0000-0000-0000-000000000000', 'ee000037-0000-0000-0000-000000000000', TIMESTAMPTZ '2026-04-01 09:20:00+00'),
    ('cc000006-0000-0000-0000-000000000000', 'ee000024-0000-0000-0000-000000000000', TIMESTAMPTZ '2026-04-01 09:25:00+00'),
    ('cc000007-0000-0000-0000-000000000000', 'ee00002c-0000-0000-0000-000000000000', TIMESTAMPTZ '2026-04-01 09:30:00+00')
ON CONFLICT ("ClientId", "IngredientId") DO UPDATE
SET "CreatedAtUtc" = EXCLUDED."CreatedAtUtc";

INSERT INTO "ClientPantryItems"
    ("ClientId", "IngredientId", "Quantity", "Unit", "UpdatedAtUtc")
VALUES
    ('cc000001-0000-0000-0000-000000000000', 'ee00002a-0000-0000-0000-000000000000', 1, 'pack', TIMESTAMPTZ '2026-04-10 07:45:00+00'),
    ('cc000001-0000-0000-0000-000000000000', 'ee00000b-0000-0000-0000-000000000000', 4, 'piece', TIMESTAMPTZ '2026-04-10 07:45:00+00'),
    ('cc000001-0000-0000-0000-000000000000', 'ee000031-0000-0000-0000-000000000000', 1, 'bottle', TIMESTAMPTZ '2026-04-10 07:45:00+00'),
    ('cc000001-0000-0000-0000-000000000000', 'ee00000f-0000-0000-0000-000000000000', 2, 'clove', TIMESTAMPTZ '2026-04-10 07:45:00+00'),
    ('cc000002-0000-0000-0000-000000000000', 'ee000022-0000-0000-0000-000000000000', 2, 'portion', TIMESTAMPTZ '2026-04-10 07:50:00+00'),
    ('cc000002-0000-0000-0000-000000000000', 'ee000015-0000-0000-0000-000000000000', 1, 'head', TIMESTAMPTZ '2026-04-10 07:50:00+00'),
    ('cc000002-0000-0000-0000-000000000000', 'ee00000c-0000-0000-0000-000000000000', 3, 'piece', TIMESTAMPTZ '2026-04-10 07:50:00+00'),
    ('cc000003-0000-0000-0000-000000000000', 'ee00002e-0000-0000-0000-000000000000', 500, 'gram', TIMESTAMPTZ '2026-04-10 07:55:00+00'),
    ('cc000003-0000-0000-0000-000000000000', 'ee00000e-0000-0000-0000-000000000000', 2, 'piece', TIMESTAMPTZ '2026-04-10 07:55:00+00'),
    ('cc000003-0000-0000-0000-000000000000', 'ee000012-0000-0000-0000-000000000000', 4, 'piece', TIMESTAMPTZ '2026-04-10 07:55:00+00'),
    ('cc00000b-0000-0000-0000-000000000000', 'ee000027-0000-0000-0000-000000000000', 300, 'gram', TIMESTAMPTZ '2026-04-10 08:00:00+00'),
    ('cc00000b-0000-0000-0000-000000000000', 'ee000004-0000-0000-0000-000000000000', 1, 'liter', TIMESTAMPTZ '2026-04-10 08:00:00+00'),
    ('cc00000b-0000-0000-0000-000000000000', 'ee00001a-0000-0000-0000-000000000000', 3, 'piece', TIMESTAMPTZ '2026-04-10 08:00:00+00')
ON CONFLICT ("ClientId", "IngredientId") DO UPDATE
SET
    "Quantity" = EXCLUDED."Quantity",
    "Unit" = EXCLUDED."Unit",
    "UpdatedAtUtc" = EXCLUDED."UpdatedAtUtc";

COMMIT;
