-- ============================================================
-- PART 5: Thesis-ready plan, compliance and progress data
-- ============================================================
-- Run order:
--   1. seed-part1-base.sql
--   2. seed-part2-users.sql
--   3. seed-part3-recipes.sql
--   4. seed-part4-canonical-ops.sql
--   5. this file
--
-- Purpose:
--   - activate the non-empty compliance chain
--   - seed progress history for charts and thesis screenshots
--   - provide deterministic daily plans and operational projections
-- ============================================================

BEGIN;

DELETE FROM "MealItemCompliance"
WHERE "Id" IN (
    'c2100001-0000-0000-0000-000000000001'::uuid,
    'c2100002-0000-0000-0000-000000000002'::uuid,
    'c2100003-0000-0000-0000-000000000003'::uuid,
    'c2100004-0000-0000-0000-000000000004'::uuid,
    'c2100005-0000-0000-0000-000000000005'::uuid,
    'c2100006-0000-0000-0000-000000000006'::uuid,
    'c2100007-0000-0000-0000-000000000007'::uuid,
    'c2100008-0000-0000-0000-000000000008'::uuid
);

DELETE FROM "MealCompliances"
WHERE "Id" IN (
    'c2000001-0000-0000-0000-000000000001'::uuid,
    'c2000002-0000-0000-0000-000000000002'::uuid,
    'c2000003-0000-0000-0000-000000000003'::uuid,
    'c2000004-0000-0000-0000-000000000004'::uuid,
    'c2000005-0000-0000-0000-000000000005'::uuid,
    'c2000006-0000-0000-0000-000000000006'::uuid
);

DELETE FROM "MealCompletions"
WHERE "Id" IN (
    'e3000001-0000-0000-0000-000000000001'::uuid,
    'e3000002-0000-0000-0000-000000000002'::uuid,
    'e3000003-0000-0000-0000-000000000003'::uuid,
    'e3000004-0000-0000-0000-000000000004'::uuid,
    'e3000005-0000-0000-0000-000000000005'::uuid,
    'e3000006-0000-0000-0000-000000000006'::uuid
);

DELETE FROM "PlanMealItems"
WHERE "Id" IN (
    'e2000001-0000-0000-0000-000000000001'::uuid,
    'e2000002-0000-0000-0000-000000000002'::uuid,
    'e2000003-0000-0000-0000-000000000003'::uuid,
    'e2000004-0000-0000-0000-000000000004'::uuid,
    'e2000005-0000-0000-0000-000000000005'::uuid,
    'e2000006-0000-0000-0000-000000000006'::uuid
);

DELETE FROM "MealPlans"
WHERE "Id" IN (
    'e1000001-0000-0000-0000-000000000001'::uuid,
    'e1000002-0000-0000-0000-000000000002'::uuid
);

DELETE FROM "MealItems"
WHERE "Id" IN (
    'd4000001-0000-0000-0000-000000000001'::uuid,
    'd4000002-0000-0000-0000-000000000002'::uuid,
    'd4000003-0000-0000-0000-000000000003'::uuid,
    'd4000004-0000-0000-0000-000000000004'::uuid,
    'd4000005-0000-0000-0000-000000000005'::uuid,
    'd4000006-0000-0000-0000-000000000006'::uuid,
    'd4000007-0000-0000-0000-000000000007'::uuid,
    'd4000008-0000-0000-0000-000000000008'::uuid,
    'd4000009-0000-0000-0000-000000000009'::uuid,
    'd400000a-0000-0000-0000-00000000000a'::uuid,
    'd400000b-0000-0000-0000-00000000000b'::uuid,
    'd400000c-0000-0000-0000-00000000000c'::uuid,
    'd400000d-0000-0000-0000-00000000000d'::uuid,
    'd400000e-0000-0000-0000-00000000000e'::uuid,
    'd400000f-0000-0000-0000-00000000000f'::uuid,
    'd4000010-0000-0000-0000-000000000010'::uuid,
    'd4000011-0000-0000-0000-000000000011'::uuid,
    'd4000012-0000-0000-0000-000000000012'::uuid,
    'd4000013-0000-0000-0000-000000000013'::uuid,
    'd4000014-0000-0000-0000-000000000014'::uuid,
    'd4000015-0000-0000-0000-000000000015'::uuid
);

DELETE FROM "DietPlanMeals"
WHERE "Id" IN (
    'd3000001-0000-0000-0000-000000000001'::uuid,
    'd3000002-0000-0000-0000-000000000002'::uuid,
    'd3000003-0000-0000-0000-000000000003'::uuid,
    'd3000004-0000-0000-0000-000000000004'::uuid,
    'd3000005-0000-0000-0000-000000000005'::uuid,
    'd3000006-0000-0000-0000-000000000006'::uuid,
    'd3000007-0000-0000-0000-000000000007'::uuid,
    'd3000008-0000-0000-0000-000000000008'::uuid,
    'd3000009-0000-0000-0000-000000000009'::uuid,
    'd300000a-0000-0000-0000-00000000000a'::uuid,
    'd300000b-0000-0000-0000-00000000000b'::uuid,
    'd300000c-0000-0000-0000-00000000000c'::uuid,
    'd300000d-0000-0000-0000-00000000000d'::uuid,
    'd300000e-0000-0000-0000-00000000000e'::uuid,
    'd300000f-0000-0000-0000-00000000000f'::uuid
);

DELETE FROM "DietPlanDays"
WHERE "Id" IN (
    'd2000001-0000-0000-0000-000000000001'::uuid,
    'd2000002-0000-0000-0000-000000000002'::uuid,
    'd2000003-0000-0000-0000-000000000003'::uuid,
    'd2000004-0000-0000-0000-000000000004'::uuid,
    'd2000005-0000-0000-0000-000000000005'::uuid
);

DELETE FROM "DietPlans"
WHERE "Id" IN (
    'd1000001-0000-0000-0000-000000000001'::uuid,
    'd1000002-0000-0000-0000-000000000002'::uuid
);

DELETE FROM "ComplianceScoreConfigs"
WHERE "Id" IN (
    'c1000001-0000-0000-0000-000000000001'::uuid,
    'c1000002-0000-0000-0000-000000000002'::uuid,
    'c1000003-0000-0000-0000-000000000003'::uuid
);

DELETE FROM "ClientShoppingListItems"
WHERE "Id" IN (
    'c7000001-0000-0000-0000-000000000001'::uuid,
    'c7000002-0000-0000-0000-000000000002'::uuid,
    'c7000003-0000-0000-0000-000000000003'::uuid,
    'c7000004-0000-0000-0000-000000000004'::uuid
);

DELETE FROM "ClientMeasurementEntries"
WHERE "Id" IN (
    'c5000001-0000-0000-0000-000000000001'::uuid,
    'c5000002-0000-0000-0000-000000000002'::uuid,
    'c5000003-0000-0000-0000-000000000003'::uuid
);

DELETE FROM "ClientWeightEntries"
WHERE "Id" IN (
    'c4000001-0000-0000-0000-000000000001'::uuid,
    'c4000002-0000-0000-0000-000000000002'::uuid,
    'c4000003-0000-0000-0000-000000000003'::uuid,
    'c4000004-0000-0000-0000-000000000004'::uuid,
    'c4000005-0000-0000-0000-000000000005'::uuid
);

DELETE FROM "DailyComplianceSnapshots"
WHERE ("ClientId", "Date") IN (
    ('cc000001-0000-0000-0000-000000000000'::uuid, DATE '2026-04-08'),
    ('cc000001-0000-0000-0000-000000000000'::uuid, DATE '2026-04-09'),
    ('cc000001-0000-0000-0000-000000000000'::uuid, DATE '2026-04-10'),
    ('cc000002-0000-0000-0000-000000000000'::uuid, DATE '2026-04-09'),
    ('cc000002-0000-0000-0000-000000000000'::uuid, DATE '2026-04-10')
);

DELETE FROM "ClientDailyTrackings"
WHERE ("ClientId", "Date") IN (
    ('cc000001-0000-0000-0000-000000000000'::uuid, DATE '2026-04-09'),
    ('cc000001-0000-0000-0000-000000000000'::uuid, DATE '2026-04-10'),
    ('cc000002-0000-0000-0000-000000000000'::uuid, DATE '2026-04-09'),
    ('cc000002-0000-0000-0000-000000000000'::uuid, DATE '2026-04-10')
);

INSERT INTO "ComplianceScoreConfigs"
    ("Id", "DietitianId", "DietPlanId", "MandatoryDone", "MandatoryAlternative", "MandatorySkipped", "OptionalDone", "OptionalSkipped")
VALUES
    ('c1000001-0000-0000-0000-000000000001', NULL, NULL, 10, 7, 0, 3, 0),
    ('c1000002-0000-0000-0000-000000000002', 'dd000001-0000-0000-0000-000000000000', NULL, 12, 8, 0, 4, 0),
    ('c1000003-0000-0000-0000-000000000003', 'dd000001-0000-0000-0000-000000000000', 'd1000001-0000-0000-0000-000000000001', 12, 9, 1, 4, 0);

INSERT INTO "DietPlans"
    ("Id", "DietitianId", "ClientId", "Name", "StartDate", "EndDate", "Status")
VALUES
    ('d1000001-0000-0000-0000-000000000001', 'dd000001-0000-0000-0000-000000000000', 'cc000001-0000-0000-0000-000000000000', 'April Weight Loss Starter', TIMESTAMPTZ '2026-04-08 00:00:00+00', TIMESTAMPTZ '2026-04-14 23:59:59+00', 1),
    ('d1000002-0000-0000-0000-000000000002', 'dd000002-0000-0000-0000-000000000000', 'cc000002-0000-0000-0000-000000000000', 'April Balance Plan', TIMESTAMPTZ '2026-04-09 00:00:00+00', TIMESTAMPTZ '2026-04-13 23:59:59+00', 1);

INSERT INTO "DietPlanDays"
    ("Id", "DietPlanId", "Date", "DailyTargetCalories")
VALUES
    ('d2000001-0000-0000-0000-000000000001', 'd1000001-0000-0000-0000-000000000001', DATE '2026-04-08', 1850),
    ('d2000002-0000-0000-0000-000000000002', 'd1000001-0000-0000-0000-000000000001', DATE '2026-04-09', 1800),
    ('d2000003-0000-0000-0000-000000000003', 'd1000001-0000-0000-0000-000000000001', DATE '2026-04-10', 1800),
    ('d2000004-0000-0000-0000-000000000004', 'd1000002-0000-0000-0000-000000000002', DATE '2026-04-09', 1700),
    ('d2000005-0000-0000-0000-000000000005', 'd1000002-0000-0000-0000-000000000002', DATE '2026-04-10', 1700);

INSERT INTO "DietPlanMeals"
    ("Id", "DietPlanDayId", "Type", "PlannedRecipeId", "CustomName", "IsMandatory")
VALUES
    ('d3000001-0000-0000-0000-000000000001', 'd2000001-0000-0000-0000-000000000001', 1, 'a100000a-0000-0000-0000-00000000000a', NULL, TRUE),
    ('d3000002-0000-0000-0000-000000000002', 'd2000001-0000-0000-0000-000000000001', 2, 'a1000002-0000-0000-0000-000000000002', NULL, TRUE),
    ('d3000003-0000-0000-0000-000000000003', 'd2000001-0000-0000-0000-000000000001', 3, 'a1000003-0000-0000-0000-000000000003', NULL, TRUE),
    ('d3000004-0000-0000-0000-000000000004', 'd2000002-0000-0000-0000-000000000002', 1, 'a1000013-0000-0000-0000-000000000013', NULL, TRUE),
    ('d3000005-0000-0000-0000-000000000005', 'd2000002-0000-0000-0000-000000000002', 2, 'a1000004-0000-0000-0000-000000000004', NULL, TRUE),
    ('d3000006-0000-0000-0000-000000000006', 'd2000002-0000-0000-0000-000000000002', 3, 'a1000009-0000-0000-0000-000000000009', NULL, TRUE),
    ('d3000007-0000-0000-0000-000000000007', 'd2000003-0000-0000-0000-000000000003', 1, 'a1000005-0000-0000-0000-000000000005', NULL, TRUE),
    ('d3000008-0000-0000-0000-000000000008', 'd2000003-0000-0000-0000-000000000003', 2, 'a1000008-0000-0000-0000-000000000008', NULL, TRUE),
    ('d3000009-0000-0000-0000-000000000009', 'd2000003-0000-0000-0000-000000000003', 3, 'a1000006-0000-0000-0000-000000000006', NULL, TRUE),
    ('d300000a-0000-0000-0000-00000000000a', 'd2000004-0000-0000-0000-000000000004', 1, 'a100000a-0000-0000-0000-00000000000a', NULL, TRUE),
    ('d300000b-0000-0000-0000-00000000000b', 'd2000004-0000-0000-0000-000000000004', 2, 'a100000b-0000-0000-0000-00000000000b', NULL, TRUE),
    ('d300000c-0000-0000-0000-00000000000c', 'd2000004-0000-0000-0000-000000000004', 3, 'a100000e-0000-0000-0000-00000000000e', NULL, TRUE),
    ('d300000d-0000-0000-0000-00000000000d', 'd2000005-0000-0000-0000-000000000005', 1, 'a1000013-0000-0000-0000-000000000013', NULL, TRUE),
    ('d300000e-0000-0000-0000-00000000000e', 'd2000005-0000-0000-0000-000000000005', 2, 'a100000f-0000-0000-0000-00000000000f', NULL, TRUE),
    ('d300000f-0000-0000-0000-00000000000f', 'd2000005-0000-0000-0000-000000000005', 3, 'a1000011-0000-0000-0000-000000000011', NULL, TRUE);

INSERT INTO "MealItems"
    ("Id", "MealId", "IngredientId", "IsMandatory", "Amount", "Unit")
VALUES
    ('d4000001-0000-0000-0000-000000000001', 'd3000001-0000-0000-0000-000000000001', 'ee00001e-0000-0000-0000-000000000000', TRUE, 1, 'piece'),
    ('d4000002-0000-0000-0000-000000000002', 'd3000001-0000-0000-0000-000000000001', 'ee00002c-0000-0000-0000-000000000000', TRUE, 2, 'slice'),
    ('d4000003-0000-0000-0000-000000000003', 'd3000002-0000-0000-0000-000000000002', 'ee000022-0000-0000-0000-000000000000', TRUE, 1, 'portion'),
    ('d4000004-0000-0000-0000-000000000004', 'd3000002-0000-0000-0000-000000000002', 'ee000015-0000-0000-0000-000000000000', FALSE, 1, 'bowl'),
    ('d4000005-0000-0000-0000-000000000005', 'd3000003-0000-0000-0000-000000000003', 'ee00002e-0000-0000-0000-000000000000', TRUE, 1, 'bowl'),
    ('d4000006-0000-0000-0000-000000000006', 'd3000004-0000-0000-0000-000000000004', 'ee000027-0000-0000-0000-000000000000', TRUE, 60, 'gram'),
    ('d4000007-0000-0000-0000-000000000007', 'd3000004-0000-0000-0000-000000000004', 'ee000004-0000-0000-0000-000000000000', TRUE, 200, 'ml'),
    ('d4000008-0000-0000-0000-000000000008', 'd3000005-0000-0000-0000-000000000005', 'ee000029-0000-0000-0000-000000000000', TRUE, 80, 'gram'),
    ('d4000009-0000-0000-0000-000000000009', 'd3000005-0000-0000-0000-000000000005', 'ee000001-0000-0000-0000-000000000000', TRUE, 150, 'gram'),
    ('d400000a-0000-0000-0000-00000000000a', 'd3000006-0000-0000-0000-000000000006', 'ee000025-0000-0000-0000-000000000000', TRUE, 1, 'fillet'),
    ('d400000b-0000-0000-0000-00000000000b', 'd3000007-0000-0000-0000-000000000007', 'ee000021-0000-0000-0000-000000000000', TRUE, 2, 'piece'),
    ('d400000c-0000-0000-0000-00000000000c', 'd3000007-0000-0000-0000-000000000007', 'ee000010-0000-0000-0000-000000000000', TRUE, 100, 'gram'),
    ('d400000d-0000-0000-0000-00000000000d', 'd3000008-0000-0000-0000-000000000008', 'ee00002f-0000-0000-0000-000000000000', TRUE, 120, 'gram'),
    ('d400000e-0000-0000-0000-00000000000e', 'd3000008-0000-0000-0000-000000000008', 'ee000010-0000-0000-0000-000000000000', TRUE, 100, 'gram'),
    ('d400000f-0000-0000-0000-00000000000f', 'd3000009-0000-0000-0000-000000000009', 'ee000013-0000-0000-0000-000000000000', TRUE, 1, 'piece'),
    ('d4000010-0000-0000-0000-000000000010', 'd300000a-0000-0000-0000-00000000000a', 'ee00001e-0000-0000-0000-000000000000', TRUE, 1, 'piece'),
    ('d4000011-0000-0000-0000-000000000011', 'd300000b-0000-0000-0000-00000000000b', 'ee00002a-0000-0000-0000-000000000000', TRUE, 80, 'gram'),
    ('d4000012-0000-0000-0000-000000000012', 'd300000c-0000-0000-0000-00000000000c', 'ee000022-0000-0000-0000-000000000000', TRUE, 1, 'portion'),
    ('d4000013-0000-0000-0000-000000000013', 'd300000d-0000-0000-0000-00000000000d', 'ee000027-0000-0000-0000-000000000000', TRUE, 60, 'gram'),
    ('d4000014-0000-0000-0000-000000000014', 'd300000e-0000-0000-0000-00000000000e', 'ee000010-0000-0000-0000-000000000000', TRUE, 100, 'gram'),
    ('d4000015-0000-0000-0000-000000000015', 'd300000f-0000-0000-0000-00000000000f', 'ee000028-0000-0000-0000-000000000000', TRUE, 80, 'gram');

INSERT INTO "MealPlans"
    ("Id", "ClientId", "Date", "Status", "CreatedBy", "CreatedAt", "UpdatedAt")
VALUES
    ('e1000001-0000-0000-0000-000000000001', 'cc000001-0000-0000-0000-000000000000', TIMESTAMPTZ '2026-04-10 00:00:00+00', 1, 'dd000001-0000-0000-0000-000000000000', TIMESTAMPTZ '2026-04-09 18:00:00+00', TIMESTAMPTZ '2026-04-10 07:00:00+00'),
    ('e1000002-0000-0000-0000-000000000002', 'cc000002-0000-0000-0000-000000000000', TIMESTAMPTZ '2026-04-10 00:00:00+00', 1, 'dd000002-0000-0000-0000-000000000000', TIMESTAMPTZ '2026-04-09 18:30:00+00', TIMESTAMPTZ '2026-04-10 07:15:00+00');

INSERT INTO "PlanMealItems"
    ("Id", "PlanId", "Time", "MealType", "RecipeId", "Title", "Note", "OrderIndex", "Calories", "ProteinGrams", "CarbsGrams", "FatGrams", "CreatedAt")
VALUES
    ('e2000001-0000-0000-0000-000000000001', 'e1000001-0000-0000-0000-000000000001', INTERVAL '08:00:00', 0, 'a1000005-0000-0000-0000-000000000005', 'Ispanakli Yumurta', 'Protein first breakfast.', 0, 320, 21, 8, 18, TIMESTAMPTZ '2026-04-09 18:00:00+00'),
    ('e2000002-0000-0000-0000-000000000002', 'e1000001-0000-0000-0000-000000000001', INTERVAL '13:00:00', 2, 'a1000008-0000-0000-0000-000000000008', 'Nohutlu Ispanak', 'Add extra lemon if desired.', 1, 430, 18, 42, 16, TIMESTAMPTZ '2026-04-09 18:00:00+00'),
    ('e2000003-0000-0000-0000-000000000003', 'e1000001-0000-0000-0000-000000000001', INTERVAL '19:00:00', 4, 'a1000006-0000-0000-0000-000000000006', 'Zeytinyagli Patlican', 'Keep portions moderate.', 2, 390, 8, 28, 24, TIMESTAMPTZ '2026-04-09 18:00:00+00'),
    ('e2000004-0000-0000-0000-000000000004', 'e1000002-0000-0000-0000-000000000002', INTERVAL '08:30:00', 0, 'a1000013-0000-0000-0000-000000000013', 'Meyveli Yulaf Ezmesi', 'Use fresh fruit only.', 0, 350, 12, 54, 9, TIMESTAMPTZ '2026-04-09 18:30:00+00'),
    ('e2000005-0000-0000-0000-000000000005', 'e1000002-0000-0000-0000-000000000002', INTERVAL '13:30:00', 2, 'a100000f-0000-0000-0000-00000000000f', 'Ispanak Salatasi', 'Pair with plenty of water.', 1, 210, 7, 10, 14, TIMESTAMPTZ '2026-04-09 18:30:00+00'),
    ('e2000006-0000-0000-0000-000000000006', 'e1000002-0000-0000-0000-000000000002', INTERVAL '19:30:00', 4, 'a1000011-0000-0000-0000-000000000011', 'Nohutlu Pilav', 'Dinner carb portion is fixed.', 2, 470, 14, 66, 12, TIMESTAMPTZ '2026-04-09 18:30:00+00');

INSERT INTO "MealCompletions"
    ("Id", "ClientId", "DietitianId", "DietPlanMealId", "Status", "AlternativeRecipeId", "AtUtc", "Note")
VALUES
    ('e3000001-0000-0000-0000-000000000001', 'cc000001-0000-0000-0000-000000000000', 'dd000001-0000-0000-0000-000000000000', 'd3000001-0000-0000-0000-000000000001', 1, NULL, TIMESTAMPTZ '2026-04-08 07:55:00+00', 'Breakfast completed as planned.'),
    ('e3000002-0000-0000-0000-000000000002', 'cc000001-0000-0000-0000-000000000000', 'dd000001-0000-0000-0000-000000000000', 'd3000002-0000-0000-0000-000000000002', 3, 'a1000007-0000-0000-0000-000000000007', TIMESTAMPTZ '2026-04-08 13:20:00+00', 'Client used a tuna salad alternative.'),
    ('e3000003-0000-0000-0000-000000000003', 'cc000001-0000-0000-0000-000000000000', 'dd000001-0000-0000-0000-000000000000', 'd3000006-0000-0000-0000-000000000006', 2, NULL, TIMESTAMPTZ '2026-04-09 20:10:00+00', 'Dinner was skipped after a late meeting.'),
    ('e3000004-0000-0000-0000-000000000004', 'cc000001-0000-0000-0000-000000000000', 'dd000001-0000-0000-0000-000000000000', 'd3000007-0000-0000-0000-000000000007', 1, NULL, TIMESTAMPTZ '2026-04-10 08:10:00+00', 'Breakfast completed.'),
    ('e3000005-0000-0000-0000-000000000005', 'cc000002-0000-0000-0000-000000000000', 'dd000002-0000-0000-0000-000000000000', 'd300000c-0000-0000-0000-00000000000c', 1, NULL, TIMESTAMPTZ '2026-04-09 19:40:00+00', 'Dinner completed.'),
    ('e3000006-0000-0000-0000-000000000006', 'cc000002-0000-0000-0000-000000000000', 'dd000002-0000-0000-0000-000000000000', 'd300000e-0000-0000-0000-00000000000e', 2, NULL, TIMESTAMPTZ '2026-04-10 14:00:00+00', 'Lunch skipped due to travel.');

INSERT INTO "MealCompliances"
    ("Id", "ClientId", "DietPlanMealId", "Status", "AlternativeRecipeId", "MarkedAt", "Date")
VALUES
    ('c2000001-0000-0000-0000-000000000001', 'cc000001-0000-0000-0000-000000000000', 'd3000001-0000-0000-0000-000000000001', 1, NULL, TIMESTAMPTZ '2026-04-08 07:55:00+00', DATE '2026-04-08'),
    ('c2000002-0000-0000-0000-000000000002', 'cc000001-0000-0000-0000-000000000000', 'd3000002-0000-0000-0000-000000000002', 3, 'a1000007-0000-0000-0000-000000000007', TIMESTAMPTZ '2026-04-08 13:20:00+00', DATE '2026-04-08'),
    ('c2000003-0000-0000-0000-000000000003', 'cc000001-0000-0000-0000-000000000000', 'd3000006-0000-0000-0000-000000000006', 2, NULL, TIMESTAMPTZ '2026-04-09 20:10:00+00', DATE '2026-04-09'),
    ('c2000004-0000-0000-0000-000000000004', 'cc000001-0000-0000-0000-000000000000', 'd3000007-0000-0000-0000-000000000007', 1, NULL, TIMESTAMPTZ '2026-04-10 08:10:00+00', DATE '2026-04-10'),
    ('c2000005-0000-0000-0000-000000000005', 'cc000002-0000-0000-0000-000000000000', 'd300000c-0000-0000-0000-00000000000c', 1, NULL, TIMESTAMPTZ '2026-04-09 19:40:00+00', DATE '2026-04-09'),
    ('c2000006-0000-0000-0000-000000000006', 'cc000002-0000-0000-0000-000000000000', 'd300000e-0000-0000-0000-00000000000e', 2, NULL, TIMESTAMPTZ '2026-04-10 14:00:00+00', DATE '2026-04-10');

INSERT INTO "MealItemCompliance"
    ("Id", "ClientId", "DietPlanId", "DietDayId", "MealId", "MealItemId", "IngredientId", "Status", "AlternativeIngredientId", "MarkedAt", "ClientTimezoneOffsetMinutes")
VALUES
    ('c2100001-0000-0000-0000-000000000001', 'cc000001-0000-0000-0000-000000000000', 'd1000001-0000-0000-0000-000000000001', 'd2000001-0000-0000-0000-000000000001', 'd3000001-0000-0000-0000-000000000001', 'd4000001-0000-0000-0000-000000000001', 'ee00001e-0000-0000-0000-000000000000', 1, NULL, TIMESTAMPTZ '2026-04-08 07:55:00+00', 180),
    ('c2100002-0000-0000-0000-000000000002', 'cc000001-0000-0000-0000-000000000000', 'd1000001-0000-0000-0000-000000000001', 'd2000001-0000-0000-0000-000000000001', 'd3000001-0000-0000-0000-000000000001', 'd4000002-0000-0000-0000-000000000002', 'ee00002c-0000-0000-0000-000000000000', 1, NULL, TIMESTAMPTZ '2026-04-08 07:55:00+00', 180),
    ('c2100003-0000-0000-0000-000000000003', 'cc000001-0000-0000-0000-000000000000', 'd1000001-0000-0000-0000-000000000001', 'd2000001-0000-0000-0000-000000000001', 'd3000002-0000-0000-0000-000000000002', 'd4000003-0000-0000-0000-000000000003', 'ee000022-0000-0000-0000-000000000000', 3, 'ee000026-0000-0000-0000-000000000000', TIMESTAMPTZ '2026-04-08 13:20:00+00', 180),
    ('c2100004-0000-0000-0000-000000000004', 'cc000001-0000-0000-0000-000000000000', 'd1000001-0000-0000-0000-000000000001', 'd2000001-0000-0000-0000-000000000001', 'd3000002-0000-0000-0000-000000000002', 'd4000004-0000-0000-0000-000000000004', 'ee000015-0000-0000-0000-000000000000', 1, NULL, TIMESTAMPTZ '2026-04-08 13:20:00+00', 180),
    ('c2100005-0000-0000-0000-000000000005', 'cc000001-0000-0000-0000-000000000000', 'd1000001-0000-0000-0000-000000000001', 'd2000002-0000-0000-0000-000000000002', 'd3000006-0000-0000-0000-000000000006', 'd400000a-0000-0000-0000-00000000000a', 'ee000025-0000-0000-0000-000000000000', 2, NULL, TIMESTAMPTZ '2026-04-09 20:10:00+00', 180),
    ('c2100006-0000-0000-0000-000000000006', 'cc000001-0000-0000-0000-000000000000', 'd1000001-0000-0000-0000-000000000001', 'd2000003-0000-0000-0000-000000000003', 'd3000007-0000-0000-0000-000000000007', 'd400000b-0000-0000-0000-00000000000b', 'ee000021-0000-0000-0000-000000000000', 1, NULL, TIMESTAMPTZ '2026-04-10 08:10:00+00', 180),
    ('c2100007-0000-0000-0000-000000000007', 'cc000002-0000-0000-0000-000000000000', 'd1000002-0000-0000-0000-000000000002', 'd2000004-0000-0000-0000-000000000004', 'd300000c-0000-0000-0000-00000000000c', 'd4000012-0000-0000-0000-000000000012', 'ee000022-0000-0000-0000-000000000000', 1, NULL, TIMESTAMPTZ '2026-04-09 19:40:00+00', 180),
    ('c2100008-0000-0000-0000-000000000008', 'cc000002-0000-0000-0000-000000000000', 'd1000002-0000-0000-0000-000000000002', 'd2000005-0000-0000-0000-000000000005', 'd300000e-0000-0000-0000-00000000000e', 'd4000014-0000-0000-0000-000000000014', 'ee000010-0000-0000-0000-000000000000', 2, NULL, TIMESTAMPTZ '2026-04-10 14:00:00+00', 180);

INSERT INTO "DailyComplianceSnapshots"
    ("ClientId", "Date", "PlannedCount", "CompletedCount", "SkippedCount", "Score0_100", "UpdatedAtUtc")
VALUES
    ('cc000001-0000-0000-0000-000000000000', DATE '2026-04-08', 3, 2, 0, 78, TIMESTAMPTZ '2026-04-08 21:00:00+00'),
    ('cc000001-0000-0000-0000-000000000000', DATE '2026-04-09', 3, 0, 1, 33, TIMESTAMPTZ '2026-04-09 21:00:00+00'),
    ('cc000001-0000-0000-0000-000000000000', DATE '2026-04-10', 3, 1, 0, 67, TIMESTAMPTZ '2026-04-10 12:30:00+00'),
    ('cc000002-0000-0000-0000-000000000000', DATE '2026-04-09', 3, 1, 0, 72, TIMESTAMPTZ '2026-04-09 21:15:00+00'),
    ('cc000002-0000-0000-0000-000000000000', DATE '2026-04-10', 3, 0, 1, 50, TIMESTAMPTZ '2026-04-10 15:00:00+00')
ON CONFLICT ("ClientId", "Date") DO UPDATE
SET
    "PlannedCount" = EXCLUDED."PlannedCount",
    "CompletedCount" = EXCLUDED."CompletedCount",
    "SkippedCount" = EXCLUDED."SkippedCount",
    "Score0_100" = EXCLUDED."Score0_100",
    "UpdatedAtUtc" = EXCLUDED."UpdatedAtUtc";

INSERT INTO "ClientWeightEntries"
    ("Id", "ClientId", "AtUtc", "WeightKg")
VALUES
    ('c4000001-0000-0000-0000-000000000001', 'cc000001-0000-0000-0000-000000000000', TIMESTAMPTZ '2026-03-01 07:00:00+00', 82.4),
    ('c4000002-0000-0000-0000-000000000002', 'cc000001-0000-0000-0000-000000000000', TIMESTAMPTZ '2026-03-20 07:00:00+00', 81.3),
    ('c4000003-0000-0000-0000-000000000003', 'cc000001-0000-0000-0000-000000000000', TIMESTAMPTZ '2026-04-10 07:00:00+00', 79.8),
    ('c4000004-0000-0000-0000-000000000004', 'cc000002-0000-0000-0000-000000000000', TIMESTAMPTZ '2026-03-10 07:15:00+00', 68.2),
    ('c4000005-0000-0000-0000-000000000005', 'cc000002-0000-0000-0000-000000000000', TIMESTAMPTZ '2026-04-10 07:15:00+00', 67.6);

INSERT INTO "ClientMeasurementEntries"
    ("Id", "ClientId", "AtUtc", "WaistCm", "HipCm", "ChestCm", "UpdatedAtUtc")
VALUES
    ('c5000001-0000-0000-0000-000000000001', 'cc000001-0000-0000-0000-000000000000', TIMESTAMPTZ '2026-03-01 07:05:00+00', 96.0, 108.0, 101.0, TIMESTAMPTZ '2026-03-01 07:05:00+00'),
    ('c5000002-0000-0000-0000-000000000002', 'cc000001-0000-0000-0000-000000000000', TIMESTAMPTZ '2026-04-10 07:05:00+00', 91.0, 104.5, 98.0, TIMESTAMPTZ '2026-04-10 07:05:00+00'),
    ('c5000003-0000-0000-0000-000000000003', 'cc000002-0000-0000-0000-000000000000', TIMESTAMPTZ '2026-04-10 07:20:00+00', 79.0, 101.0, 93.0, TIMESTAMPTZ '2026-04-10 07:20:00+00');

INSERT INTO "ClientDailyTrackings"
    ("ClientId", "Date", "WaterGlasses", "Steps", "Notes", "UpdatedAtUtc")
VALUES
    ('cc000001-0000-0000-0000-000000000000', DATE '2026-04-09', 7, 8700, 'Late meeting reduced dinner compliance.', TIMESTAMPTZ '2026-04-09 21:05:00+00'),
    ('cc000001-0000-0000-0000-000000000000', DATE '2026-04-10', 6, 6500, 'Morning routine recovered after skipped dinner.', TIMESTAMPTZ '2026-04-10 12:35:00+00'),
    ('cc000002-0000-0000-0000-000000000000', DATE '2026-04-09', 8, 9100, 'Strong dinner adherence day.', TIMESTAMPTZ '2026-04-09 21:20:00+00'),
    ('cc000002-0000-0000-0000-000000000000', DATE '2026-04-10', 5, 5400, 'Travel day caused lunch skip.', TIMESTAMPTZ '2026-04-10 15:05:00+00')
ON CONFLICT ("ClientId", "Date") DO UPDATE
SET
    "WaterGlasses" = EXCLUDED."WaterGlasses",
    "Steps" = EXCLUDED."Steps",
    "Notes" = EXCLUDED."Notes",
    "UpdatedAtUtc" = EXCLUDED."UpdatedAtUtc";

INSERT INTO "ClientShoppingListItems"
    ("Id", "ClientId", "IngredientId", "Title", "Quantity", "Unit", "IsChecked", "SourceType", "SourceReferenceId", "Note", "CreatedAtUtc", "UpdatedAtUtc")
VALUES
    ('c7000001-0000-0000-0000-000000000001', 'cc000001-0000-0000-0000-000000000000', 'ee000025-0000-0000-0000-000000000000', 'Somon fileto', 2, 'fillet', FALSE, 'Plan', 'e1000001-0000-0000-0000-000000000001', 'Needed for the fish dinner scenario.', TIMESTAMPTZ '2026-04-09 18:10:00+00', TIMESTAMPTZ '2026-04-09 18:10:00+00'),
    ('c7000002-0000-0000-0000-000000000002', 'cc000001-0000-0000-0000-000000000000', 'ee000001-0000-0000-0000-000000000000', 'Yogurt', 1, 'tub', FALSE, 'Plan', 'e1000001-0000-0000-0000-000000000001', 'Needed for the bulgur salad variation.', TIMESTAMPTZ '2026-04-09 18:12:00+00', TIMESTAMPTZ '2026-04-09 18:12:00+00'),
    ('c7000003-0000-0000-0000-000000000003', 'cc000002-0000-0000-0000-000000000000', 'ee000027-0000-0000-0000-000000000000', 'Yulaf', 500, 'gram', FALSE, 'Plan', 'e1000002-0000-0000-0000-000000000002', 'Breakfast stock refill.', TIMESTAMPTZ '2026-04-09 18:40:00+00', TIMESTAMPTZ '2026-04-09 18:40:00+00'),
    ('c7000004-0000-0000-0000-000000000004', 'cc000002-0000-0000-0000-000000000000', 'ee00001f-0000-0000-0000-000000000000', 'Limon', 2, 'piece', TRUE, 'Manual', NULL, 'Already purchased for salad days.', TIMESTAMPTZ '2026-04-09 18:42:00+00', TIMESTAMPTZ '2026-04-10 10:00:00+00');

COMMIT;
